"Scenario","target_region","year","population_million","gdp_billion_usd2017_ppp","population_million_source_path","gdp_billion_usd2017_ppp_source_path","baseline_bridge_applied","gdp_pc_usd2017_ppp","population_index_2017","population_growth","gdp_growth","ggdppc_target","aft_labor_index_2017"
"SSP1","Brazil",2017,207.58791551878,3045.66225906189,207.58791551878,3045.66225906189,FALSE,14671.6741745324,1,1,1,0,1
"SSP1","Brazil",2018,208.807340952391,3096.90566521466,209.233838659058,3029.26673676607,TRUE,14831.402244238,1.00587426021676,1.00587426021676,1.01682504552181,0.0108868332138179,1.00587426021676
"SSP1","Brazil",2019,210.033929608314,3149.01124400865,210.892811995332,3012.95947545538,TRUE,14992.8692467981,1.01178302736661,1.00587426021676,1.01682504552181,0.010886833213819,1.01178302736661
"SSP1","Brazil",2020,211.267723565182,3201.99350153779,212.564939,2996.74,TRUE,15156.0941136846,1.01772650415226,1.00587426021676,1.01682504552181,0.0108868332138179,1.01772650415226
"SSP1","Brazil",2021,212.508765148806,3255.8671879617,213.551994259522,3087.80293652503,TRUE,15321.0959824732,1.02370489446714,1.00587426021676,1.01682504552181,0.0108868332138181,1.02370489446714
"SSP1","Brazil",2022,213.757096933631,3310.64730161212,214.543632956415,3181.63303283321,TRUE,15487.8941990873,1.02971840340241,1.00587426021676,1.01682504552181,0.0108868332138179,1.02971840340241
"SSP1","Brazil",2023,215.012761744198,3366.3490931684,215.539876374086,3278.31437553055,TRUE,15656.508320066,1.03576723725398,1.00587426021676,1.01682504552181,0.0108868332138181,1.03576723725398
"SSP1","Brazil",2024,216.275802656607,3422.98806990326,216.540745894772,3377.93360639077,TRUE,15826.9581148573,1.0418516035296,1.00587426021676,1.01682504552181,0.0108868332138188,1.0418516035296
"SSP1","Brazil",2025,217.546263,3480.58,217.546263,3480.58,FALSE,15999.2635681358,1.04797171095598,1.00587426021676,1.01682504552181,0.0108868332138181,1.04797171095598
"SSP1","Brazil",2026,218.318671148579,3539.76095864464,218.318671148579,3539.76095864464,FALSE,16213.734446174,1.05169258337116,1.00355054661904,1.01700318873425,0.0134050468713622,1.05169258337116
"SSP1","Brazil",2027,219.093821768298,3599.94818229858,219.093821768298,3599.94818229858,FALSE,16431.0803163847,1.05542666691731,1.00355054661904,1.01700318873424,0.0134050468713602,1.05542666691731
"SSP1","Brazil",2028,219.871724596429,3661.15878067571,219.871724596429,3661.15878067571,FALSE,16651.339718173,1.05917400850117,1.00355054661904,1.01700318873425,0.0134050468713613,1.05917400850117
"SSP1","Brazil",2029,220.652389404816,3723.41015440957,220.652389404816,3723.41015440957,FALSE,16874.551707566,1.06293465519603,1.00355054661904,1.01700318873424,0.0134050468713605,1.06293465519603
"SSP1","Brazil",2030,221.435826,3786.72,221.435826,3786.72,FALSE,17100.7558641392,1.06670865424229,1.00355054661904,1.01700318873425,0.0134050468713622,1.06670865424229
"SSP1","Brazil",2031,221.900147670218,3892.6421992871,221.900147670218,3892.6421992871,FALSE,17542.3145958075,1.06894540135282,1.00209686787638,1.02797201781148,0.0258210066956319,1.06894540135282
"SSP1","Brazil",2032,222.365442961631,4001.52725621929,222.365442961631,4001.52725621929,FALSE,17995.2748184427,1.07118683862652,1.00209686787638,1.02797201781148,0.0258210066956299,1.07118683862652
"SSP1","Brazil",2033,222.831713915793,4113.45804790339,222.831713915793,4113.45804790339,FALSE,18459.9309300194,1.07343297589803,1.00209686787638,1.02797201781148,0.0258210066956328,1.07343297589803
"SSP1","Brazil",2034,223.298962578541,4228.51976968613,223.298962578541,4228.51976968613,FALSE,18936.5849301643,1.07568382302264,1.00209686787638,1.02797201781148,0.0258210066956304,1.07568382302264
"SSP1","Brazil",2035,223.767191,4346.8,223.767191,4346.8,FALSE,19425.5466164385,1.07793938987627,1.00209686787638,1.02797201781148,0.0258210066956319,1.07793938987627
"SSP1","Brazil",2036,223.933675882996,4492.91332077106,223.933675882996,4492.91332077106,FALSE,20063.58937777,1.07874138686429,1.00074400935299,1.03361399668056,0.0328455499312199,1.07874138686429
"SSP1","Brazil",2037,224.100284632302,4643.93809422151,224.100284632302,4643.93809422151,FALSE,20722.589004477,1.07954398054557,1.00074400935299,1.03361399668056,0.0328455499312197,1.07954398054557
"SSP1","Brazil",2038,224.267017340076,4800.03941390541,224.267017340076,4800.03941390541,FALSE,21403.2338363278,1.08034717136406,1.00074400935299,1.03361399668056,0.0328455499312221,1.08034717136406
"SSP1","Brazil",2039,224.433874098543,4961.38792283099,224.433874098543,4961.38792283099,FALSE,22106.2348219884,1.08115095976403,1.00074400935299,1.03361399668056,0.0328455499312197,1.08115095976403
"SSP1","Brazil",2040,224.600855,5128.16,224.600855,5128.16,FALSE,22832.3262616253,1.08195534619009,1.00074400935299,1.03361399668056,0.0328455499312201,1.08195534619009
"SSP1","Brazil",2041,224.531180785646,5312.95678696553,224.531180785646,5312.95678696553,FALSE,23662.4453155024,1.08161970904965,0.99968978651326,1.03603569057235,0.0363571825474607,1.08161970904965
"SSP1","Brazil",2042,224.461528185173,5504.4128537649,224.461528185173,5504.4128537649,FALSE,24522.7451593574,1.08128417602838,0.999689786513261,1.03603569057235,0.0363571825474578,1.08128417602838
"SSP1","Brazil",2043,224.391897191875,5702.76817214567,224.391897191875,5702.76817214567,FALSE,25414.323081681,1.08094874709398,0.99968978651326,1.03603569057235,0.0363571825474605,1.08094874709398
"SSP1","Brazil",2044,224.322287799052,5908.27136140297,224.322287799052,5908.27136140297,FALSE,26338.3162652817,1.08061342221416,0.999689786513261,1.03603569057235,0.0363571825474578,1.08061342221416
"SSP1","Brazil",2045,224.2527,6121.18,224.2527,6121.18,FALSE,27295.9032377313,1.08027820135663,0.99968978651326,1.03603569057235,0.0363571825474605,1.08027820135663
"SSP1","Brazil",2046,223.954210252205,6331.94362601964,223.954210252205,6331.94362601964,FALSE,28273.3850767482,1.07884030576888,0.998668958064743,1.03443186216051,0.0358105694654471,1.07884030576888
"SSP1","Brazil",2047,223.656117806783,6549.96423615884,223.656117806783,6549.96423615884,FALSE,29285.8710970624,1.07740432408046,0.998668958064744,1.03443186216051,0.0358105694654458,1.07740432408046
"SSP1","Brazil",2048,223.358422134905,6775.4917018945,223.358422134905,6775.4917018945,FALSE,30334.6148183399,1.07597025374388,0.998668958064743,1.03443186216051,0.0358105694654469,1.07597025374388
"SSP1","Brazil",2049,223.061122708451,7008.78449824379,223.061122708451,7008.78449824379,FALSE,31420.9146494996,1.07453809221506,0.998668958064744,1.03443186216051,0.035810569465446,1.07453809221506
"SSP1","Brazil",2050,222.764219,7250.11000000001,222.764219,7250.11000000001,FALSE,32546.1154962234,1.07310783695329,0.998668958064743,1.03443186216051,0.0358105694654469,1.07310783695329
"SSP1","Argentina",2017,43.7792586096923,974.274599138948,43.7792586096923,974.274599138948,FALSE,22254.2507589028,1,1,1,0,1
"SSP1","Argentina",2018,44.0563060570303,980.575777870335,44.1524629177069,946.574649246784,TRUE,22257.3308030181,1.00632828092883,1.00632828092883,1.00646755928663,0.00013840250784769,1.00632828092883
"SSP1","Argentina",2019,44.3351067384458,986.917709848743,44.5288486741961,919.662246545839,TRUE,22260.4112734192,1.01269660899717,1.00632828092883,1.00646755928663,0.000138402507847024,1.01269660899717
"SSP1","Argentina",2020,44.6156717488963,993.300658648214,44.908443,893.515,TRUE,22263.4921701652,1.01910523763458,1.00632828092883,1.00646755928663,0.00013840250784769,1.01910523763458
"SSP1","Argentina",2021,44.8980122535518,999.724889547469,45.1335571824241,918.538584122333,TRUE,22266.573493315,1.02555442187438,1.00632828092883,1.00646755928663,0.00013840250784769,1.02555442187438
"SSP1","Argentina",2022,45.1821394882384,1006.19066954093,45.3597998028823,944.262973225362,TRUE,22269.6552429276,1.0320444183638,1.00632828092883,1.00646755928663,0.000138402507846358,1.0320444183638
"SSP1","Argentina",2023,45.4680647598855,1012.69826734984,45.5871765179367,970.707793898891,TRUE,22272.7374190622,1.03857548537424,1.00632828092883,1.00646755928663,0.000138402507847912,1.03857548537424
"SSP1","Argentina",2024,45.7557994469763,1019.24795343339,45.8156930125046,997.893222390672,TRUE,22275.8200217776,1.04514788281148,1.00632828092883,1.00646755928663,0.000138402507847024,1.04514788281148
"SSP1","Argentina",2025,46.045355,1025.84,46.045355,1025.84,FALSE,22278.9030511329,1.05176187222609,1.00632828092883,1.00646755928663,0.000138402507847468,1.05176187222609
"SSP1","Argentina",2026,46.2395050166994,1051.86372716491,46.2395050166994,1051.86372716491,FALSE,22748.1614862665,1.0561966210744,1.00421649516437,1.02536821255255,0.0210629057479437,1.0561966210744
"SSP1","Argentina",2027,46.4344736660054,1078.54762977195,46.4344736660054,1078.54762977195,FALSE,23227.3038675908,1.06065006901979,1.00421649516437,1.02536821255255,0.0210629057479432,1.06065006901979
"SSP1","Argentina",2028,46.6302643996783,1105.90845529205,46.6302643996783,1105.90845529205,FALSE,23716.5383797327,1.0651222949069,1.00421649516437,1.02536821255255,0.0210629057479439,1.0651222949069
"SSP1","Argentina",2029,46.826880684033,1133.96337604957,46.826880684033,1133.96337604957,FALSE,24216.0775922925,1.06961337791285,1.00421649516437,1.02536821255255,0.0210629057479437,1.06961337791285
"SSP1","Argentina",2030,47.024326,1162.73,47.024326,1162.73,FALSE,24726.1385522038,1.07412339754857,1.00421649516437,1.02536821255255,0.0210629057479432,1.07412339754857
"SSP1","Argentina",2031,47.1765731644016,1190.7305290819,47.1765731644016,1190.7305290819,FALSE,25239.8690539142,1.07760100702019,1.00323762565787,1.0240817120758,0.0207768188561166,1.07760100702019
"SSP1","Argentina",2032,47.3293132481291,1219.40535884312,47.3293132481291,1219.40535884312,FALSE,25764.2732411995,1.08108987568946,1.00323762565787,1.0240817120758,0.0207768188561166,1.08108987568946
"SSP1","Argentina",2033,47.4825478470706,1248.77072759847,47.4825478470706,1248.77072759847,FALSE,26299.5728792914,1.08459004000946,1.00323762565787,1.02408171207581,0.0207768188561179,1.08459004000946
"SSP1","Argentina",2034,47.6362785622813,1278.84326470919,47.6362785622813,1278.84326470919,FALSE,26845.9943409977,1.08810153655126,1.00323762565787,1.0240817120758,0.0207768188561166,1.08810153655126
"SSP1","Argentina",2035,47.790507,1309.64,47.790507,1309.64,FALSE,27403.7687024329,1.09162440200437,1.00323762565787,1.0240817120758,0.0207768188561164,1.09162440200437
"SSP1","Argentina",2036,47.9031784747403,1343.69974413163,47.9031784747403,1343.69974413163,FALSE,28050.3254046112,1.09419802883859,1.00235761204082,1.02600695162917,0.0235937147623382,1.09419802883859
"SSP1","Argentina",2037,48.0161155851061,1378.6452783814,48.0161155851061,1378.6452783814,FALSE,28712.1367811984,1.09677772328643,1.00235761204082,1.02600695162917,0.0235937147623382,1.09677772328643
"SSP1","Argentina",2038,48.1293189573632,1414.49963945005,48.1293189573632,1414.49963945005,FALSE,29389.5627466312,1.09936349965296,1.00235761204082,1.02600695162917,0.0235937147623386,1.09936349965296
"SSP1","Argentina",2039,48.2427892192537,1451.28646315271,48.2427892192537,1451.28646315271,FALSE,30082.9717070651,1.10195537227698,1.00235761204082,1.02600695162917,0.023593714762338,1.10195537227698
"SSP1","Argentina",2040,48.356527,1489.03,48.356527,1489.03,FALSE,30792.740760725,1.10455335553111,1.00235761204082,1.02600695162917,0.0235937147623384,1.10455335553111
"SSP1","Argentina",2041,48.4401808666085,1529.31449835815,48.4401808666085,1529.31449835815,FALSE,31571.1971136004,1.1064641660214,1.00172993950969,1.0270541885376,0.0252805152657354,1.1064641660214
"SSP1","Argentina",2042,48.523979449346,1570.68886113003,48.523979449346,1570.68886113003,FALSE,32369.3332441883,1.10837828209825,1.00172993950969,1.02705418853761,0.0252805152657367,1.10837828209825
"SSP1","Argentina",2043,48.6079229985626,1613.18257371295,48.6079229985626,1613.18257371295,FALSE,33187.6466674097,1.11029570948013,1.00172993950969,1.0270541885376,0.0252805152657349,1.11029570948013
"SSP1","Argentina",2044,48.6920117650416,1656.82591920776,48.6920117650416,1656.82591920776,FALSE,34026.647475619,1.1122164538954,1.00172993950969,1.02705418853761,0.0252805152657367,1.1122164538954
"SSP1","Argentina",2045,48.776246,1701.65,48.776246,1701.65,FALSE,34886.8586565682,1.11414052108231,1.00172993950969,1.0270541885376,0.0252805152657354,1.11414052108231
"SSP1","Argentina",2046,48.8220481005794,1745.96136255768,48.8220481005794,1745.96136255768,FALSE,35761.7394288905,1.11518672656943,1.00093902471665,1.02604023304303,0.0250776597840106,1.11518672656943
"SSP1","Argentina",2047,48.8678932104634,1791.42660332282,48.8678932104634,1791.42660332282,FALSE,36658.5601635726,1.11623391446936,1.00093902471665,1.02604023304303,0.0250776597840108,1.11623391446936
"SSP1","Argentina",2048,48.9137813700386,1838.07576955283,48.9137813700386,1838.07576955283,FALSE,37577.8710635264,1.11728208570461,1.00093902471665,1.02604023304303,0.025077659784011,1.11728208570461
"SSP1","Argentina",2049,48.95971261973,1885.93969094274,48.95971261973,1885.93969094274,FALSE,38520.236129465,1.11833124119856,1.00093902471665,1.02604023304303,0.0250776597840106,1.11833124119856
"SSP1","Argentina",2050,49.005687,1935.05,49.005687,1935.05,FALSE,39486.2335059194,1.11938138187545,1.00093902471665,1.02604023304303,0.0250776597840106,1.11938138187545
"SSP1","Paraguay",2017,6.30587936114544,82.6099461993201,6.30587936114544,82.6099461993201,FALSE,13100.4641015388,1,1,1,0,1
"SSP1","Paraguay",2018,6.38912009662229,84.9489379585359,6.39370275959995,84.4146831907438,TRUE,13295.8743416712,1.0132004960307,1.0132004960307,1.02831368215121,0.0149162837757355,1.0132004960307
"SSP1","Paraguay",2019,6.4734596510974,87.3541551869764,6.48274929425393,86.2588473426737,TRUE,13494.199376398,1.02657524515685,1.0132004960307,1.02831368215121,0.0149162837757353,1.02657524515685
"SSP1","Paraguay",2020,6.55891252952658,89.8274729715275,6.573036,88.1433,TRUE,13695.4826836227,1.04012654760575,1.0132004960307,1.0283136821512,0.0149162837757344,1.04012654760575
"SSP1","Paraguay",2021,6.64549342833828,92.3708194896894,6.65693889118,90.9827156722616,TRUE,13899.7683897773,1.05385673396884,1.0132004960307,1.02831368215121,0.0149162837757355,1.05385673396884
"SSP1","Paraguay",2022,6.73321723796108,94.9861775127669,6.74191277834243,93.9135992310203,TRUE,14107.1012794962,1.06776816560252,1.0132004960307,1.02831368215121,0.0149162837757353,1.06776816560252
"SSP1","Paraguay",2023,6.8220990453846,97.6755859516213,6.82797133243925,96.9388971889486,TRUE,14317.5268054342,1.08186323503426,1.0132004960307,1.02831368215121,0.0149162837757346,1.08186323503426
"SSP1","Paraguay",2024,6.91215413675422,100.441141446188,6.91512839892814,100.061650976588,TRUE,14531.0910982308,1.09614436637409,1.0132004960307,1.02831368215121,0.0149162837757353,1.09614436637409
"SSP1","Paraguay",2025,7.003398,103.285,7.003398,103.285,FALSE,14747.8409766231,1.11061401573148,1.0132004960307,1.02831368215121,0.0149162837757357,1.11061401573148
"SSP1","Paraguay",2026,7.07406655850439,106.92502940364,7.07406655850439,106.92502940364,FALSE,15115.0725709664,1.12182078872175,1.01009061008733,1.03524257543341,0.0249007020705887,1.12182078872175
"SSP1","Paraguay",2027,7.14544820587808,110.693342818118,7.14544820587808,110.693342818118,FALSE,15491.4484898314,1.1331406448886,1.01009061008733,1.03524257543342,0.0249007020705898,1.1331406448886
"SSP1","Paraguay",2028,7.21755013762282,114.594461302363,7.21755013762282,114.594461302363,FALSE,15877.1964333185,1.14457472531028,1.01009061008733,1.03524257543341,0.0249007020705883,1.14457472531028
"SSP1","Paraguay",2029,7.29037962184733,118.633065249063,7.29037962184733,118.633065249063,FALSE,16272.5497714208,1.1561241825792,1.01009061008733,1.03524257543342,0.0249007020705898,1.1561241825792
"SSP1","Paraguay",2030,7.36394400000001,122.814,7.36394400000001,122.814,FALSE,16677.7476852078,1.16779018091814,1.01009061008733,1.03524257543341,0.0249007020705887,1.16779018091814
"SSP1","Paraguay",2031,7.41832719919912,127.114667495393,7.41832719919912,127.114667495393,FALSE,17135.2198524104,1.17641438637538,1.00738506419917,1.03501773002583,0.027430092830121,1.17641438637538
"SSP1","Paraguay",2032,7.47311202181567,131.56593460407,7.47311202181567,131.56593460407,FALSE,17605.2405236265,1.1851022821436,1.00738506419917,1.03501773002583,0.0274300928301217,1.1851022821436
"SSP1","Paraguay",2033,7.52830143386438,136.173074982631,7.52830143386438,136.173074982631,FALSE,18088.1539054862,1.19385433857981,1.00738506419917,1.03501773002583,0.027430092830121,1.19385433857981
"SSP1","Paraguay",2034,7.58389842326419,140.941546959161,7.58389842326419,140.941546959161,FALSE,18584.3136462392,1.20267102951468,1.00738506419917,1.03501773002583,0.0274300928301217,1.20267102951468
"SSP1","Paraguay",2035,7.639906,145.877,7.639906,145.877,FALSE,19094.0830947396,1.21155283227814,1.00738506419917,1.03501773002583,0.0274300928301208,1.21155283227814
"SSP1","Paraguay",2036,7.68189080541357,150.839836886196,7.68189080541357,150.839836886196,FALSE,19635.7694618487,1.21821087360894,1.00549546099305,1.03402069473732,0.0283693311913087,1.21821087360894
"SSP1","Paraguay",2037,7.72410633668758,155.971512931128,7.72410633668758,155.971512931128,FALSE,20192.823108908,1.22490550394617,1.00549546099305,1.03402069473732,0.0283693311913082,1.22490550394617
"SSP1","Paraguay",2038,7.76655386176702,161.277772160276,7.76655386176702,161.277772160276,FALSE,20765.6799953722,1.23163692436327,1.00549546099305,1.03402069473732,0.0283693311913085,1.23163692436327
"SSP1","Paraguay",2039,7.80923465556478,166.764554014855,7.80923465556478,166.764554014855,FALSE,21354.7884485736,1.23840533703871,1.00549546099305,1.03402069473732,0.0283693311913082,1.23840533703871
"SSP1","Paraguay",2040,7.85215000000001,172.438,7.85215000000001,172.438,FALSE,21960.6095145915,1.24521094526199,1.00549546099305,1.03402069473732,0.0283693311913085,1.24521094526199
"SSP1","Paraguay",2041,7.88368744589699,178.159686602129,7.88368744589699,178.159686602129,FALSE,22598.5223063163,1.25021222170431,1.00401640899588,1.03318112366258,0.0290480458341051,1.25021222170431
"SSP1","Paraguay",2042,7.91535155907539,184.071225194961,7.91535155907539,184.071225194961,FALSE,23254.9652180531,1.25523358531832,1.00401640899588,1.03318112366258,0.0290480458341036,1.25523358531832
"SSP1","Paraguay",2043,7.9471428482828,190.178915280878,7.9471428482828,190.178915280878,FALSE,23930.4765135777,1.26027511678232,1.00401640899588,1.03318112366258,0.0290480458341054,1.26027511678232
"SSP1","Paraguay",2044,7.97906182431018,196.489265386829,7.97906182431018,196.489265386829,FALSE,24625.610092176,1.26533689709865,1.00401640899588,1.03318112366258,0.0290480458341038,1.26533689709865
"SSP1","Paraguay",2045,8.01110900000001,203.009,8.01110900000001,203.009,FALSE,25340.9359428264,1.27041900759497,1.00401640899588,1.03318112366258,0.0290480458341051,1.27041900759497
"SSP1","Paraguay",2046,8.03192434909414,209.197609287082,8.03192434909414,209.197609287082,FALSE,26045.7644014881,1.2737199507152,1.00259831055777,1.03048440850939,0.0278138289861105,1.2737199507152
"SSP1","Paraguay",2047,8.05279378292959,215.574874667776,8.05279378292959,215.574874667776,FALSE,26770.1968383636,1.27702947071078,1.00259831055777,1.03048440850939,0.0278138289861107,1.27702947071078
"SSP1","Paraguay",2048,8.07371744203531,222.146547211508,8.07371744203531,222.146547211508,FALSE,27514.7785151504,1.28034758986711,1.00259831055777,1.03048440850938,0.0278138289861092,1.28034758986711
"SSP1","Paraguay",2049,8.09469546730539,228.918553305653,8.09469546730539,228.918553305653,FALSE,28280.0698593615,1.28367433052747,1.00259831055777,1.03048440850939,0.0278138289861105,1.28367433052747
"SSP1","Paraguay",2050,8.11572800000001,235.897,8.11572800000001,235.897,FALSE,29066.646886145,1.28700971509322,1.00259831055777,1.03048440850939,0.0278138289861105,1.28700971509322
"SSP1","Uruguay",2017,3.40945195868718,76.6830375299392,3.40945195868718,76.6830375299392,FALSE,22491.309001892,1,1,1,0,1
"SSP1","Uruguay",2018,3.40964817432366,78.202433724736,3.41571213762057,76.3511237753735,TRUE,22935.6313984648,1.00005755049165,1.00005755049165,1.01981398029784,0.0197552928793721,1.00005755049165
"SSP1","Uruguay",2019,3.40984440125245,79.7519352058012,3.42198381102308,76.0206466715199,TRUE,23388.7315141148,1.00011510429536,1.00005755049165,1.01981398029784,0.0197552928793729,1.00011510429536
"SSP1","Uruguay",2020,3.41004063947419,81.3321384786836,3.428267,75.6916,TRUE,23850.7827552532,1.00017266141132,1.00005755049165,1.01981398029784,0.0197552928793734,1.00017266141132
"SSP1","Uruguay",2021,3.41023688898954,82.9436518680815,3.42481103926414,78.3089765532151,TRUE,24321.9619539855,1.00023022183972,1.00005755049165,1.01981398029784,0.0197552928793721,1.00023022183972
"SSP1","Uruguay",2022,3.41043314979915,84.5870957520267,3.42135856240646,81.0168606399123,TRUE,24802.4494357875,1.00028778558075,1.00005755049165,1.01981398029784,0.0197552928793723,1.00028778558075
"SSP1","Uruguay",2023,3.41062942190366,86.2631028007089,3.41790956591494,83.8183819639959,TRUE,25292.4290885173,1.0003453526346,1.00005755049165,1.01981398029784,0.0197552928793734,1.0003453526346
"SSP1","Uruguay",2024,3.41082570530373,87.9723182200329,3.4144640462811,86.7167784529192,TRUE,25792.0884327917,1.00040292300147,1.00005755049165,1.01981398029784,0.0197552928793732,1.00040292300147
"SSP1","Uruguay",2025,3.411022,89.7154,3.411022,89.7154,FALSE,26301.6186937522,1.00046049668153,1.00005755049165,1.01981398029784,0.0197552928793723,1.00046049668153
"SSP1","Uruguay",2026,3.40709476727617,91.8125564085474,3.40709476727617,91.8125564085474,FALSE,26947.46189345,0.999308630407594,0.998848663912508,1.02337565689444,0.0245552643439089,0.999308630407594
"SSP1","Uruguay",2027,3.4031720561171,93.958735225755,3.4031720561171,93.958735225755,FALSE,27609.163943641,0.998158090318863,0.998848663912508,1.02337565689444,0.0245552643439089,0.998158090318863
"SSP1","Uruguay",2028,3.39925386131695,96.1550823826279,3.39925386131695,96.1550823826279,FALSE,28287.1142625915,0.997008874888457,0.998848663912508,1.02337565689444,0.0245552643439102,0.997008874888457
"SSP1","Uruguay",2029,3.39534017767587,98.4027705970608,3.39534017767587,98.4027705970608,FALSE,28981.7118308358,0.995860982591248,0.998848663912508,1.02337565689444,0.0245552643439086,0.995860982591248
"SSP1","Uruguay",2030,3.391431,100.703,3.391431,100.703,FALSE,29693.365425981,0.994714411903866,0.998848663912508,1.02337565689444,0.0245552643439089,0.994714411903866
"SSP1","Uruguay",2031,3.38552123967555,102.868630944983,3.38552123967555,102.868630944983,FALSE,30384.872420662,0.992981065783711,0.998257443443654,1.0215051283972,0.0232882660742779,0.992981065783711
"SSP1","Uruguay",2032,3.37962177744271,105.080834061499,3.37962177744271,105.080834061499,FALSE,31092.4834142273,0.991250740117202,0.998257443443654,1.0215051283972,0.0232882660742775,0.991250740117202
"SSP1","Uruguay",2033,3.37373259535646,107.340610890076,3.37373259535646,107.340610890076,FALSE,31816.5734408879,0.989523429641028,0.998257443443654,1.0215051283972,0.0232882660742777,0.989523429641028
"SSP1","Uruguay",2034,3.36785367550306,109.648984509501,3.36785367550306,109.648984509501,FALSE,32557.5262687511,0.98779912910105,0.998257443443654,1.0215051283972,0.0232882660742775,0.98779912910105
"SSP1","Uruguay",2035,3.361985,112.007,3.361985,112.007,FALSE,33315.7346032181,0.986077833252282,0.998257443443654,1.0215051283972,0.0232882660742779,0.986077833252282
"SSP1","Uruguay",2036,3.35388566984123,114.156685719668,3.35388566984123,114.156685719668,FALSE,34037.1428716806,0.983702281328713,0.997590908300074,1.0191924229706,0.0216536803721816,0.983702281328713
"SSP1","Uruguay",2037,3.34580585171151,116.347629116921,3.34580585171151,116.347629116921,FALSE,34774.1722842062,0.981332452327566,0.997590908300074,1.0191924229706,0.0216536803721814,0.981332452327566
"SSP1","Uruguay",2038,3.33774549860459,118.58062202656,3.33774549860459,118.58062202656,FALSE,35527.1610960556,0.978968332461796,0.997590908300075,1.0191924229706,0.0216536803721805,0.978968332461796
"SSP1","Uruguay",2039,3.32970456362744,120.85647148061,3.32970456362744,120.85647148061,FALSE,36296.4548869605,0.976609907977573,0.997590908300074,1.0191924229706,0.0216536803721816,0.976609907977573
"SSP1","Uruguay",2040,3.321683,123.176,3.321683,123.176,FALSE,37082.4067197261,0.974257165154199,0.997590908300074,1.0191924229706,0.0216536803721814,0.974257165154199
"SSP1","Uruguay",2041,3.31199019685651,125.247541052209,3.31199019685651,125.247541052209,FALSE,37816.3984818204,0.971414243986534,0.997081960216105,1.01681773277431,0.0197935308687476,0.971414243986534
"SSP1","Uruguay",2042,3.30232567769821,127.353920728265,3.30232567769821,127.353920728265,FALSE,38564.9185325152,0.968579618575939,0.997081960216105,1.01681773277431,0.0197935308687474,0.968579618575939
"SSP1","Uruguay",2043,3.29268935999131,129.495724934834,3.29268935999131,129.495724934834,FALSE,39328.2544379393,0.965753264715064,0.997081960216105,1.01681773277431,0.0197935308687487,0.965753264715064
"SSP1","Uruguay",2044,3.28308116144285,131.673549432204,3.28308116144285,131.673549432204,FALSE,40106.6994561706,0.962935158267199,0.997081960216105,1.01681773277431,0.0197935308687474,0.962935158267199
"SSP1","Uruguay",2045,3.273501,133.888,3.273501,133.888,FALSE,40900.5526498999,0.960125275166063,0.997081960216105,1.01681773277431,0.0197935308687476,0.960125275166063
"SSP1","Uruguay",2046,3.26150987205475,135.735315245432,3.26150987205475,135.735315245432,FALSE,41617.3246656215,0.956608250116131,0.99633691025442,1.01379746687853,0.0175247513611128,0.956608250116131
"SSP1","Uruguay",2047,3.24956266868732,137.608118761778,3.24956266868732,137.608118761778,FALSE,42346.6579327012,0.953104108244593,0.99633691025442,1.01379746687853,0.0175247513611123,0.953104108244593
"SSP1","Uruguay",2048,3.23765922899804,139.50676222261,3.23765922899804,139.50676222261,FALSE,43088.7725839459,0.949612802359212,0.99633691025442,1.01379746687853,0.0175247513611121,0.949612802359212
"SSP1","Uruguay",2049,3.22579939267661,141.431602153707,3.22579939267661,141.431602153707,FALSE,43843.8926099351,0.946134285440619,0.99633691025442,1.01379746687853,0.0175247513611125,0.946134285440619
"SSP1","Uruguay",2050,3.213983,143.383,3.213983,143.383,FALSE,44612.2459266275,0.94266851064168,0.99633691025442,1.01379746687853,0.0175247513611125,0.94266851064168
"SSP1","Bolivia",2017,11.3394265973092,88.7088479909017,11.3394265973092,88.7088479909017,FALSE,7823.04530389146,1,1,1,0,1
"SSP1","Bolivia",2018,11.4921161101249,90.7583756342396,11.5111222190313,89.6846911848746,TRUE,7897.44680305472,1.01346536454074,1.01346536454074,1.02310398218167,0.00951055455683592,1.01346536454074
"SSP1","Bolivia",2019,11.6468616428922,92.85525552773,11.6854175653748,90.6712691585318,TRUE,7972.5559017349,1.02711204512369,1.01346536454074,1.02310398218167,0.00951055455683769,1.02711204512369
"SSP1","Bolivia",2020,11.8036908806693,95.0005816969167,11.862352,91.6687,TRUE,8048.37932959577,1.04094248323546,1.01346536454074,1.02310398218167,0.00951055455683614,1.04094248323546
"SSP1","Bolivia",2021,11.9626318813037,97.1954734436902,12.0101691018883,94.4586829624119,TRUE,8124.92388030401,1.05495915323817,1.01346536454074,1.02310398218167,0.00951055455683725,1.05495915323817
"SSP1","Bolivia",2022,12.1237130804521,99.4410759302718,12.1598281568405,97.3335804586891,TRUE,8202.19641213779,1.06916456281211,1.01346536454074,1.02310398218167,0.00951055455683636,1.06916456281211
"SSP1","Bolivia",2023,12.2869632966676,101.73856077669,12.3113521174854,100.295976905353,TRUE,8280.20384860131,1.08356125340441,1.01346536454074,1.02310398218167,0.00951055455683614,1.08356125340441
"SSP1","Bolivia",2024,12.4524117365559,104.089126672063,12.4647642224653,103.34853537694,TRUE,8358.95317904517,1.09815180068372,1.01346536454074,1.02310398218167,0.00951055455683747,1.09815180068372
"SSP1","Bolivia",2025,12.620088,106.494,12.620088,106.494,FALSE,8438.45145929252,1.11293881500099,1.01346536454074,1.02310398218167,0.00951055455683636,1.11293881500099
"SSP1","Bolivia",2026,12.7585685664922,108.979992894629,12.7585685664922,108.979992894629,FALSE,8541.71001446377,1.12515112267844,1.01097302700997,1.02334397144092,0.0122366711083632,1.12515112267844
"SSP1","Bolivia",2027,12.8985686839809,111.524018736393,12.8985686839809,111.524018736393,FALSE,8646.23211061377,1.13749743633789,1.01097302700997,1.02334397144092,0.0122366711083635,1.13749743633789
"SSP1","Bolivia",2028,13.0401050265401,114.127432244751,13.0401050265401,114.127432244751,FALSE,8752.03320927791,1.14997922643059,1.01097302700997,1.02334397144092,0.0122366711083621,1.14997922643059
"SSP1","Bolivia",2029,13.1831944512092,116.791619763698,13.1831944512092,116.791619763698,FALSE,8859.12896118932,1.16259797954312,1.01097302700997,1.02334397144092,0.0122366711083632,1.16259797954312
"SSP1","Bolivia",2030,13.327854,119.518,13.327854,119.518,FALSE,8967.53520859397,1.17535519857438,1.01097302700997,1.02334397144092,0.0122366711083635,1.17535519857438
"SSP1","Bolivia",2031,13.4446076492668,123.303488680963,13.4446076492668,123.303488680963,FALSE,9171.22253751208,1.18565145546752,1.00876012366783,1.03167295872557,0.0227138588452829,1.18565145546752
"SSP1","Bolivia",2032,13.5623840749398,127.208874988674,13.5623840749398,127.208874988674,FALSE,9379.53639166781,1.19603790884436,1.00876012366783,1.03167295872557,0.0227138588452838,1.19603790884436
"SSP1","Bolivia",2033,13.6811922366668,131.237956435716,13.6811922366668,131.237956435716,FALSE,9592.58185730235,1.20651534883724,1.00876012366783,1.03167295872557,0.0227138588452829,1.20651534883724
"SSP1","Bolivia",2034,13.8010411725834,135.394650813133,13.8010411725834,135.394650813133,FALSE,9810.46640757095,1.21708457250019,1.00876012366783,1.03167295872557,0.0227138588452835,1.21708457250019
"SSP1","Bolivia",2035,13.92194,139.683,13.92194,139.683,FALSE,10033.2999567589,1.2277463838695,1.00876012366783,1.03167295872557,0.0227138588452829,1.2277463838695
"SSP1","Bolivia",2036,14.0147461980518,145.514191399162,14.0147461980518,145.514191399162,FALSE,10382.9344707926,1.23593076579176,1.00666618287766,1.04174589176322,0.0348474096798188,1.23593076579176
"SSP1","Bolivia",2037,14.1081710591921,151.588811083324,14.1081710591921,151.588811083324,FALSE,10744.752841975,1.24416970630066,1.00666618287766,1.04174589176322,0.0348474096798199,1.24416970630066
"SSP1","Bolivia",2038,14.202218707542,157.917021183323,14.202218707542,157.917021183323,FALSE,11119.1796461677,1.25246356909371,1.00666618287766,1.04174589176322,0.0348474096798184,1.25246356909371
"SSP1","Bolivia",2039,14.296893294715,164.509408057212,14.296893294715,164.509408057212,FALSE,11506.6542546012,1.26081272029289,1.00666618287766,1.04174589176322,0.0348474096798197,1.26081272029289
"SSP1","Bolivia",2040,14.392199,171.377,14.392199,171.377,FALSE,11907.6313494554,1.26921752846085,1.00666618287766,1.04174589176322,0.0348474096798188,1.26921752846085
"SSP1","Bolivia",2041,14.4693472600688,179.433139944605,14.4693472600688,179.433139944605,FALSE,12400.914617606,1.27602107001621,1.0053604219945,1.04700829133784,0.0414258095228359,1.27602107001621
"SSP1","Bolivia",2042,14.5469090673677,187.867985262784,14.5469090673677,187.867985262784,FALSE,12914.6325444639,1.28286108142537,1.0053604219945,1.04700829133784,0.0414258095228359,1.28286108142537
"SSP1","Bolivia",2043,14.6248866386844,196.69933824707,14.6248866386844,196.69933824707,FALSE,13449.6316523083,1.28973775818213,1.0053604219945,1.04700829133784,0.0414258095228357,1.28973775818213
"SSP1","Bolivia",2044,14.7032822026894,205.945838045349,14.7032822026894,205.945838045349,FALSE,14006.7935312892,1.29665129682822,1.0053604219945,1.04700829133784,0.0414258095228364,1.29665129682822
"SSP1","Bolivia",2045,14.782098,215.627,14.782098,215.627,FALSE,14587.036292142,1.30360189495893,1.0053604219945,1.04700829133784,0.0414258095228357,1.30360189495893
"SSP1","Bolivia",2046,14.8377480095691,225.65989818239,14.8377480095691,225.65989818239,FALSE,15208.5005107822,1.30850955136392,1.0037646895298,1.04652895130197,0.0426038714234886,1.30850955136392
"SSP1","Bolivia",2047,14.8936075241466,236.159616595726,14.8936075241466,236.159616595726,FALSE,15856.4415110876,1.31343568357158,1.0037646895298,1.04652895130197,0.0426038714234884,1.31343568357158
"SSP1","Bolivia",2048,14.9496773324538,247.1478758958,14.9496773324538,247.1478758958,FALSE,16531.9873064601,1.3183803611376,1.0037646895298,1.04652895130197,0.0426038714234871,1.3183803611376
"SSP1","Bolivia",2049,15.0059582261812,258.64740737774,15.0059582261812,258.64740737774,FALSE,17236.3139680392,1.32334365387947,1.0037646895298,1.04652895130197,0.0426038714234886,1.32334365387947
"SSP1","Bolivia",2050,15.062451,270.682,15.062451,270.682,FALSE,17970.6476721484,1.32832563187756,1.0037646895298,1.04652895130197,0.0426038714234884,1.32832563187756
"SSP1","EU27",2017,443.665315553954,18343.7248535435,443.665315553954,18343.7248535435,FALSE,41345.861870315,1,1,1,0,1
"SSP1","EU27",2018,443.984680089343,18688.4505044204,444.239534193316,18464.1137018917,TRUE,42092.5571140421,1.00071983209909,1.00071983209909,1.01879256550287,0.0180597334279593,1.00071983209909
"SSP1","EU27",2019,444.304274513577,19039.6544346719,444.814496021372,18585.2926555713,TRUE,42852.7374748228,1.00144018235644,1.00071983209909,1.01879256550287,0.0180597334279582,1.00144018235644
"SSP1","EU27",2020,444.624098992136,19397.4583877876,445.390202,18707.2669,TRUE,43626.6464902764,1.00216105114502,1.00071983209909,1.01879256550287,0.0180597334279577,1.00216105114502
"SSP1","EU27",2021,444.944153690621,19761.9863951293,445.55737166429,19197.4262048947,TRUE,44414.5320962466,1.00288243883809,1.00071983209909,1.01879256550287,0.0180597334279597,1.00288243883809
"SSP1","EU27",2022,445.26443877475,20133.3648189267,445.724604072881,19700.4284411197,TRUE,45216.6467062324,1.00360434580918,1.00071983209909,1.01879256550287,0.0180597334279604,1.00360434580918
"SSP1","EU27",2023,445.584954410365,20511.7223960797,445.891899249322,20216.6101133247,TRUE,46033.2472922531,1.00432677243209,1.00071983209909,1.01879256550287,0.018059733427958,1.00432677243209
"SSP1","EU27",2024,445.905700763422,20897.1902827847,446.059257217173,20746.3165431012,TRUE,46864.5954671745,1.00504971908086,1.00071983209909,1.01879256550287,0.0180597334279577,1.00504971908086
"SSP1","EU27",2025,446.226678,21289.9021,446.226678,21289.9021,FALSE,47710.9575685208,1.00577318612984,1.00071983209909,1.01879256550287,0.0180597334279595,1.00577318612984
"SSP1","EU27",2026,445.922719985378,21651.9759645358,445.922719985378,21651.9759645358,FALSE,48555.4446861237,1.00508807957775,0.99931882599224,1.01700683558032,0.0177000664132578,1.00508807957775
"SSP1","EU27",2027,445.618969019055,22020.2075597538,445.618969019055,22020.2075597538,FALSE,49414.8792817932,1.00440343970243,0.999318825992241,1.01700683558032,0.0177000664132549,1.00440343970243
"SSP1","EU27",2028,445.315424959994,22394.7016091671,445.315424959994,22394.7016091671,FALSE,50289.5259268841,1.003719266186,0.99931882599224,1.01700683558032,0.0177000664132581,1.003719266186
"SSP1","EU27",2029,445.012087667258,22775.5646173045,445.012087667258,22775.5646173045,FALSE,51179.6538756811,1.00303555871079,0.999318825992241,1.01700683558032,0.0177000664132552,1.00303555871079
"SSP1","EU27",2030,444.708957,23162.9049,444.708957,23162.9049,FALSE,52085.5371482882,1.00235231695933,0.999318825992241,1.01700683558032,0.0177000664132576,1.00235231695933
"SSP1","EU27",2031,444.434748653719,23554.5817083471,444.434748653719,23554.5817083471,FALSE,52998.9650442468,1.00173426470989,0.999383398193438,1.01690965835408,0.0175370735518778,1.00173426470989
"SSP1","EU27",2032,444.1607093848,23952.8816377085,444.1607093848,23952.8816377085,FALSE,53928.4117924011,1.00111659355257,0.999383398193437,1.01690965835408,0.0175370735518772,1.00111659355257
"SSP1","EU27",2033,443.886839088989,24357.9166827979,443.886839088989,24357.9166827979,FALSE,54874.1583165404,1.00049930325241,0.999383398193438,1.01690965835408,0.0175370735518778,1.00049930325241
"SSP1","EU27",2034,443.613137662097,24769.8007321211,443.613137662097,24769.8007321211,FALSE,55836.4904670349,0.999882393574555,0.999383398193437,1.01690965835408,0.0175370735518769,0.999882393574555
"SSP1","EU27",2035,443.339605,25188.6496,443.339605,25188.6496,FALSE,56815.699107234,0.999265864284327,0.999383398193438,1.01690965835408,0.0175370735518778,0.999265864284327
"SSP1","EU27",2036,443.11928493024,25625.879393656,443.11928493024,25625.879393656,FALSE,57830.6570378453,0.998769273584004,0.999503044466872,1.01735820699399,0.017864040160724,0.998769273584004
"SSP1","EU27",2037,442.899074349758,26070.6987125742,442.899074349758,26070.6987125742,FALSE,58863.7462176904,0.998272929667177,0.999503044466871,1.01735820699399,0.0178640401607248,0.998272929667177
"SSP1","EU27",2038,442.678973204142,26523.239297305,442.678973204142,26523.239297305,FALSE,59915.2905441338,0.997776832411206,0.999503044466871,1.01735820699399,0.0178640401607222,0.997776832411206
"SSP1","EU27",2039,442.458981439008,26983.6351751789,442.458981439008,26983.6351751789,FALSE,60985.6197006557,0.997280981693511,0.999503044466871,1.01735820699399,0.0178640401607251,0.997280981693511
"SSP1","EU27",2040,442.239099,27452.0227,442.239099,27452.0227,FALSE,62075.0692602149,0.996785377391575,0.999503044466871,1.01735820699399,0.017864040160724,0.996785377391575
"SSP1","EU27",2041,442.094495065339,27903.1661469568,442.094495065339,27903.1661469568,FALSE,63115.8416546963,0.99645944716987,0.999673018656676,1.01643388729082,0.0167663509180886,0.99645944716987
"SSP1","EU27",2042,441.949938413466,28361.7236344729,441.949938413466,28361.7236344729,FALSE,64174.0640043695,0.996133623521266,0.999673018656675,1.01643388729082,0.0167663509180898,0.996133623521266
"SSP1","EU27",2043,441.805429028921,28827.8170040551,441.805429028921,28827.8170040551,FALSE,65250.0288813065,0.995807906410917,0.999673018656676,1.01643388729082,0.0167663509180869,0.995807906410917
"SSP1","EU27",2044,441.660966896249,29301.5700995401,441.660966896249,29301.5700995401,FALSE,66344.033762946,0.995482295803986,0.999673018656675,1.01643388729082,0.0167663509180893,0.995482295803986
"SSP1","EU27",2045,441.516552,29783.1088,441.516552,29783.1088,FALSE,67456.3811143371,0.995156791665649,0.999673018656676,1.01643388729082,0.0167663509180886,0.995156791665649
"SSP1","EU27",2046,441.400331230324,30212.685095187,441.400331230324,30212.685095187,FALSE,68447.3548331389,0.994894835714616,0.999736769167204,1.01442348742274,0.0146905852705348,0.994894835714616
"SSP1","EU27",2047,441.284141053538,30648.4573786649,441.284141053538,30648.4573786649,FALSE,69452.8865358578,0.994632948718467,0.999736769167204,1.01442348742275,0.0146905852705366,0.994632948718467
"SSP1","EU27",2048,441.167981461589,31090.5150181925,441.167981461589,31090.5150181925,FALSE,70473.1900877977,0.994371130659049,0.999736769167203,1.01442348742274,0.0146905852705357,0.994371130659049
"SSP1","EU27",2049,441.051852446426,31538.9486705241,441.051852446426,31538.9486705241,FALSE,71508.4824960692,0.994109381518217,0.999736769167204,1.01442348742275,0.0146905852705366,0.994109381518217
"SSP1","EU27",2050,440.935754,31993.8503,440.935754,31993.8503,FALSE,72558.9839557442,0.99384770127783,0.999736769167204,1.01442348742274,0.0146905852705348,0.99384770127783
"SSP1","China",2017,1403.37623488094,19455.4551271314,1403.37623488094,19455.4551271314,FALSE,13863.3209281771,1,1,1,0,1
"SSP1","China",2018,1406.22982882572,20492.8142203899,1410.21676634312,20570.5682465322,TRUE,14572.8769226169,1.0020333777029,1.0020333777029,1.05331970321331,0.0511822526590735,1.0020333777029
"SSP1","China",2019,1409.08922520481,21585.4849926267,1417.09064087433,21749.5954332696,TRUE,15318.7495912399,1.00407089003068,1.0020333777029,1.05331970321331,0.0511822526590735,1.00407089003068
"SSP1","China",2020,1411.95443581674,22736.416646149,1423.998021,22996.2,TRUE,16102.7977032398,1.0061125453906,1.0020333777029,1.05331970321331,0.0511822526590735,1.0061125453906
"SSP1","China",2021,1414.82547248404,23948.7156338559,1424.4717249326,24167.3745886294,TRUE,16926.975163805,1.008158352207,1.0020333777029,1.05331970321331,0.0511822526590744,1.008158352207
"SSP1","China",2022,1417.70234705328,25225.6540437932,1424.94558644648,25398.1959848641,TRUE,17793.3358833927,1.01020831892137,1.0020333777029,1.05331970321331,0.0511822526590735,1.01020831892137
"SSP1","China",2023,1420.58507139512,26570.6784307699,1425.41960559404,26691.7019438705,TRUE,18704.0388962243,1.01226245399235,1.0020333777029,1.05331970321331,0.0511822526590737,1.01226245399235
"SSP1","China",2024,1423.47365740437,27987.419118875,1425.89378242773,28051.0849307958,TRUE,19661.353740756,1.01432076589578,1.0020333777029,1.05331970321331,0.0511822526590735,1.01432076589578
"SSP1","China",2025,1426.368117,29479.7,1426.368117,29479.7,FALSE,20667.6661155348,1.01638326312474,1.0020333777029,1.05331970321331,0.0511822526590735,1.01638326312474
"SSP1","China",2026,1424.67103063052,30598.6164458879,1424.67103063052,30598.6164458879,FALSE,21477.6715382117,1.0151739748902,0.998810204498227,1.03795548957038,0.0391919154368436,1.0151739748902
"SSP1","China",2027,1422.97596344677,31760.0019132678,1422.97596344677,31760.0019132678,FALSE,22319.4226249176,1.01396612546136,0.998810204498227,1.03795548957038,0.0391919154368434,1.01396612546136
"SSP1","China",2028,1421.28291304633,32965.468334642,1421.28291304633,32965.468334642,FALSE,23194.1635490326,1.01275971312633,0.998810204498227,1.03795548957038,0.0391919154368436,1.01275971312633
"SSP1","China",2029,1419.59187702964,34216.6888242002,1419.59187702964,34216.6888242002,FALSE,24103.1872454746,1.01155473617528,0.998810204498227,1.03795548957038,0.0391919154368436,1.01155473617528
"SSP1","China",2030,1417.902853,35515.4,1417.902853,35515.4,FALSE,25047.8373217576,1.01035119290038,0.998810204498227,1.03795548957038,0.0391919154368434,1.01035119290038
"SSP1","China",2031,1414.82740574675,36665.4127239022,1414.82740574675,36665.4127239022,FALSE,25915.1134442085,1.00815972978677,0.997830988740347,1.03238067778773,0.0346247906080726,1.00815972978677
"SSP1","China",2032,1411.75862917322,37852.6636392689,1411.75862917322,37852.6636392689,FALSE,26812.4188207987,1.00597301998134,0.997830988740346,1.03238067778773,0.0346247906080728,1.00597301998134
"SSP1","China",2033,1408.69650881063,39078.3585439793,1408.69650881063,39078.3585439793,FALSE,27740.7932081648,1.00379105317409,0.997830988740346,1.03238067778773,0.0346247906080734,1.00379105317409
"SSP1","China",2034,1405.64103022158,40343.7422804652,1405.64103022158,40343.7422804652,FALSE,28701.3123642994,1.00161381907742,0.997830988740347,1.03238067778773,0.0346247906080726,1.00161381907742
"SSP1","China",2035,1402.592179,41650.1,1402.592179,41650.1,FALSE,29695.0892950901,0.999441307426012,0.997830988740346,1.03238067778773,0.0346247906080726,0.999441307426012
"SSP1","China",2036,1398.53282429712,42725.4405438233,1398.53282429712,42725.4405438233,FALSE,30550.1878837177,0.996548744047792,0.997105819664719,1.02581843846289,0.028795959497887,0.996548744047792
"SSP1","China",2037,1394.48521809879,43828.5447013039,1394.48521809879,43828.5447013039,FALSE,31429.90985667,0.993664552269621,0.99710581966472,1.02581843846289,0.0287959594978862,0.993664552269621
"SSP1","China",2038,1390.44932640273,44960.1292855926,1390.44932640273,44960.1292855926,FALSE,32334.9642679249,0.990788707862576,0.997105819664719,1.02581843846289,0.0287959594978853,0.990788707862576
"SSP1","China",2039,1386.42511530506,46120.9296168363,1386.42511530506,46120.9296168363,FALSE,33266.0805893496,0.987921186667863,0.99710581966472,1.02581843846289,0.0287959594978864,0.987921186667863
"SSP1","China",2040,1382.412551,47311.7,1382.412551,47311.7,FALSE,34224.009298654,0.985061964596601,0.997105819664719,1.02581843846289,0.028795959497887,0.985061964596601
"SSP1","China",2041,1377.22860833233,48429.3527520984,1377.22860833233,48429.3527520984,FALSE,35164.3528598647,0.981368056620378,0.996250075519121,1.0236231788775,0.0274761367963878,0.981368056620378
"SSP1","China",2042,1372.06410505818,49573.4080150826,1372.06410505818,49573.4080150826,FALSE,36130.5334293988,0.977688000520104,0.996250075519121,1.0236231788775,0.0274761367963881,0.977688000520104
"SSP1","China",2043,1366.91896828129,50744.4895001901,1366.91896828129,50744.4895001901,FALSE,37123.2609084314,0.974021744352293,0.996250075519122,1.0236231788775,0.0274761367963887,0.974021744352293
"SSP1","China",2044,1361.79312537875,51943.2356527003,1361.79312537875,51943.2356527003,FALSE,38143.2647034795,0.970369236368238,0.996250075519121,1.0236231788775,0.0274761367963881,0.970369236368238
"SSP1","China",2045,1356.686504,53170.3,1356.686504,53170.3,FALSE,39191.2942623331,0.966730425013289,0.996250075519121,1.0236231788775,0.0274761367963881,0.966730425013289
"SSP1","China",2046,1349.87329299382,54218.2861009351,1349.87329299382,54218.2861009351,FALSE,40165.4632196529,0.961875553713038,0.994978050576836,1.01970999036934,0.0248567692304069,0.961875553713038
"SSP1","China",2047,1343.09429758873,55286.927997827,1343.09429758873,55286.927997827,FALSE,41163.8468699363,0.957045063330912,0.994978050576835,1.01970999036935,0.0248567692304098,0.957045063330912
"SSP1","China",2048,1336.34934595569,56376.6328162148,1336.34934595569,56376.6328162148,FALSE,42187.0471122182,0.952238831427175,0.994978050576836,1.01970999036934,0.0248567692304069,0.952238831427175
"SSP1","China",2049,1329.63826712862,57487.8157060785,1329.63826712862,57487.8157060785,FALSE,43235.680806799,0.947456736176973,0.994978050576835,1.01970999036935,0.0248567692304098,0.947456736176973
"SSP1","China",2050,1322.960891,58620.9,1322.960891,58620.9,FALSE,44310.3801471331,0.942698656367256,0.994978050576836,1.01970999036934,0.0248567692304069,0.942698656367256
"SSP1","US",2017,328.111734230931,19360.4741044112,328.111734230931,19360.4741044112,FALSE,59005.7351950266,1,1,1,0,1
"SSP1","US",2018,329.81276334198,19790.0561525825,330.519525112108,19647.3120590229,TRUE,60003.9123775884,1.00518429831544,1.00518429831544,1.02218861200684,0.016916612923517,1.00518429831544
"SSP1","US",2019,331.522611095385,20229.1700301457,332.944985147793,19938.3997035835,TRUE,61018.9753371766,1.0103954735799,1.00518429831544,1.02218861200684,0.0169166129235163,1.0103954735799
"SSP1","US",2020,333.241323209617,20678.027235165,335.388244,20233.8,TRUE,62051.2097239453,1.01563366513151,1.00518429831544,1.02218861200684,0.0169166129235179,1.01563366513151
"SSP1","US",2021,334.968945640167,21136.8439585529,336.694277084409,20772.7895462086,TRUE,63100.9060202813,1.02089901303076,1.00518429831544,1.02218861200684,0.016916612923517,1.02089901303076
"SSP1","US",2022,336.705524580774,21605.8411881983,338.005395983387,21326.1367380854,TRUE,64168.3596225496,1.02619165806425,1.00518429831544,1.02218861200684,0.0169166129235172,1.02619165806425
"SSP1","US",2023,338.451106464658,22085.2448154047,339.32162050157,21894.2240357181,TRUE,65253.8709242214,1.03151174174847,1.00518429831544,1.02218861200684,0.0169166129235181,1.03151174174847
"SSP1","US",2024,340.205737965761,22575.2857436898,340.642970520715,22477.4440871964,TRUE,66357.7454004075,1.03685940633357,1.00518429831544,1.02218861200684,0.0169166129235161,1.03685940633357
"SSP1","US",2025,341.969466,23076.2,341.969466,23076.2,FALSE,67480.2936938235,1.04223479480717,1.00518429831544,1.02218861200684,0.0169166129235172,1.04223479480717
"SSP1","US",2026,343.53204308766,23518.6082826279,343.53204308766,23518.6082826279,FALSE,68461.1778023473,1.04699712703928,1.0045693468073,1.0191716262915,0.0145358600982732,1.04699712703928
"SSP1","US",2027,345.101760131946,23969.4982515187,345.101760131946,23969.4982515187,FALSE,69456.3199050453,1.05178122001896,1.0045693468073,1.0191716262915,0.0145358600982732,1.05178122001896
"SSP1","US",2028,346.678649757797,24429.0325143915,346.678649757797,24429.0325143915,FALSE,70465.927254126,1.05658717317863,1.0045693468073,1.0191716262915,0.0145358600982741,1.05658717317863
"SSP1","US",2029,348.262744739226,24897.3767964204,348.262744739226,24897.3767964204,FALSE,71490.210114387,1.06141508640502,1.0045693468073,1.0191716262915,0.0145358600982732,1.06141508640502
"SSP1","US",2030,349.854078,25374.7,349.854078,25374.7,FALSE,72529.3818070059,1.0662650600413,1.0045693468073,1.0191716262915,0.014535860098273,1.0662650600413
"SSP1","US",2031,351.352005967863,25845.0191459371,351.352005967863,25845.0191459371,FALSE,73558.7635959051,1.07083035841862,1.00428157926992,1.01853496380005,0.0141926177123408,1.07083035841862
"SSP1","US",2032,352.856347433061,26324.0556402186,352.856347433061,26324.0556402186,FALSE,74602.7550070142,1.07541520348283,1.00428157926992,1.01853496380005,0.0141926177123401,1.07541520348283
"SSP1","US",2033,354.367129855491,26811.9710585804,354.367129855491,26811.9710585804,FALSE,75661.5633891162,1.08001967892462,1.00428157926992,1.01853496380005,0.0141926177123406,1.08001967892462
"SSP1","US",2034,355.884380812623,27308.9299715591,355.884380812623,27308.9299715591,FALSE,76735.3990338159,1.08464386879302,1.00428157926992,1.01853496380005,0.0141926177123406,1.08464386879302
"SSP1","US",2035,357.408128,27815.1,357.408128,27815.1,FALSE,77824.4752173068,1.08928785749689,1.00428157926992,1.01853496380005,0.0141926177123406,1.08928785749689
"SSP1","US",2036,358.810366393248,28309.2850654126,358.810366393248,28309.2850654126,FALSE,78897.6231371931,1.09356151871335,1.0039233533974,1.01776679089461,0.0137893370548257,1.09356151871335
"SSP1","US",2037,360.218106263259,28812.2502135457,360.218106263259,28812.2502135457,FALSE,79985.5690554565,1.09785194701306,1.0039233533974,1.01776679089461,0.0137893370548254,1.09785194701306
"SSP1","US",2038,361.631369194273,29324.1514382929,361.631369194273,29324.1514382929,FALSE,81088.517026684,1.10215920817922,1.0039233533974,1.01776679089461,0.013789337054823,1.10215920817922
"SSP1","US",2039,363.050176855208,29845.1475050589,363.050176855208,29845.1475050589,FALSE,82206.6739192409,1.10648336825311,1.0039233533974,1.01776679089461,0.0137893370548257,1.10648336825311
"SSP1","US",2040,364.474551,30375.4,364.474551,30375.4,FALSE,83340.2494540695,1.11082449353511,1.0039233533974,1.01776679089461,0.0137893370548254,1.11082449353511
"SSP1","US",2041,365.769093948599,30868.3204295144,365.769093948599,30868.3204295144,FALSE,84392.9160232774,1.11476992679318,1.00355180614133,1.01622761937339,0.0126309505443476,1.11476992679318
"SSP1","US",2042,367.068234862793,31369.2397841403,367.068234862793,31369.2397841403,FALSE,85458.8787718605,1.11872937346533,1.00355180614133,1.01622761937339,0.0126309505443454,1.11872937346533
"SSP1","US",2043,368.371990073665,31878.2878673898,368.371990073665,31878.2878673898,FALSE,86538.3056432032,1.12270288332449,1.00355180614133,1.01622761937339,0.0126309505443463,1.12270288332449
"SSP1","US",2044,369.680375970301,32395.596589177,369.680375970301,32395.596589177,FALSE,87631.3667019739,1.12669050632037,1.00355180614133,1.01622761937339,0.0126309505443454,1.12669050632037
"SSP1","US",2045,370.993409,32921.3,370.993409,32921.3,FALSE,88738.2341609201,1.13069229258009,1.00355180614133,1.01622761937339,0.0126309505443474,1.13069229258009
"SSP1","US",2046,372.178674492249,33379.676704205,372.178674492249,33379.676704205,FALSE,89687.236244107,1.13430467631585,1.00319484245136,1.0139234083771,0.0106943990057988,1.13430467631585
"SSP1","US",2047,373.367726721009,33844.4355744531,373.367726721009,33844.4355744531,FALSE,90646.3873342288,1.13792860104853,1.00319484245136,1.0139234083771,0.0106943990057982,1.13792860104853
"SSP1","US",2048,374.560577784307,34315.6654722485,374.560577784307,34315.6654722485,FALSE,91615.7959688151,1.14156410364978,1.00319484245136,1.0139234083771,0.0106943990057973,1.14156410364978
"SSP1","US",2049,375.75723981882,34793.4564963505,375.75723981882,34793.4564963505,FALSE,92595.5718461394,1.14521122110907,1.00319484245136,1.0139234083771,0.0106943990057979,1.14521122110907
"SSP1","US",2050,376.957725,35277.9,376.957725,35277.9,FALSE,93585.8258376321,1.14886999053405,1.00319484245136,1.0139234083771,0.010694399005799,1.14886999053405
"SSP1","RestLatAm",2017,358.79352016271,5354.28544813518,358.79352016271,5354.28544813518,FALSE,14923.0271653375,1,1,1,0,1
"SSP1","RestLatAm",2018,361.934415416108,5467.24066958791,362.422096946352,5292.60423145421,TRUE,15105.6115050633,1.00875404676198,1.00875404676198,1.02109622704036,0.0122350738695896,1.00875404676198
"SSP1","RestLatAm",2019,365.102806213429,5582.57882003782,366.087370517241,5231.63358064205,TRUE,15290.4297776731,1.01758472685866,1.00875404676198,1.02109622704036,0.0122350738695913,1.01758472685866
"SSP1","RestLatAm",2020,368.29893325195,5700.35017029602,369.789712,5171.36531,TRUE,15477.5093155007,1.02649271114186,1.00875404676198,1.02109622704036,0.0122350738695893,1.02649271114186
"SSP1","RestLatAm",2021,371.523039336023,5820.60605169811,372.725616429787,5384.32359332257,TRUE,15666.8777852931,1.03547867633602,1.00875404676198,1.02109622704036,0.0122350738695887,1.03547867633602
"SSP1","RestLatAm",2022,374.775369395522,5943.39887847721,375.684830147369,5606.05155886967,TRUE,15858.563192302,1.04454330508969,1.00875404676198,1.02109622704036,0.0122350738695913,1.04454330508969
"SSP1","RestLatAm",2023,378.056170504447,6068.78217060897,378.667538214254,5836.91034463096,TRUE,16052.5938844254,1.05368728602736,1.00875404676198,1.02109622704036,0.0122350738695896,1.05368728602736
"SSP1","RestLatAm",2024,381.365691899697,6196.81057713861,381.673927161224,6077.27596036046,TRUE,16248.9985563999,1.06291131380174,1.00875404676198,1.02109622704036,0.0122350738695911,1.06291131380174
"SSP1","RestLatAm",2025,384.704185,6327.5399,384.704185,6327.5399,FALSE,16447.8062540443,1.07221608914659,1.00875404676198,1.02109622704036,0.0122350738695896,1.07221608914659
"SSP1","RestLatAm",2026,387.231312505473,6519.42478162994,387.231312505473,6519.42478162994,FALSE,16835.9958791757,1.07925949256237,1.00656901485351,1.03032535308548,0.0236013009355567,1.07925949256237
"SSP1","RestLatAm",2027,389.775040749067,6717.12864004708,389.775040749067,6717.12864004708,FALSE,17233.3472844699,1.08634916419981,1.00656901485351,1.03032535308548,0.0236013009355553,1.08634916419981
"SSP1","RestLatAm",2028,392.335478781277,6920.82793777706,392.335478781277,6920.82793777706,FALSE,17640.0766998576,1.09348540799554,1.00656901485351,1.03032535308548,0.0236013009355545,1.09348540799554
"SSP1","RestLatAm",2029,394.912736368951,7130.70448863399,394.912736368951,7130.70448863399,FALSE,18056.4054585772,1.10066852988276,1.00656901485351,1.03032535308548,0.0236013009355556,1.10066852988276
"SSP1","RestLatAm",2030,397.506924,7346.94562000001,397.506924,7346.94562000001,FALSE,18482.5601176195,1.10789883780436,1.00656901485351,1.03032535308548,0.023601300935556,1.10789883780436
"SSP1","RestLatAm",2031,399.400709641181,7595.90245224939,399.400709641181,7595.90245224939,FALSE,19018.2497649378,1.11317704249524,1.00476415762051,1.03388575948782,0.0289835198105293,1.11317704249524
"SSP1","RestLatAm",2032,401.303517575656,7853.29537583922,401.303517575656,7853.29537583922,FALSE,19569.4655837615,1.11848039338522,1.00476415762051,1.03388575948781,0.0289835198105275,1.11848039338522
"SSP1","RestLatAm",2033,403.215390787053,8119.41025413169,403.215390787053,8119.41025413169,FALSE,20136.6575771899,1.12380901027476,1.00476415762051,1.03388575948782,0.0289835198105284,1.12380901027476
"SSP1","RestLatAm",2034,405.13637246378,8394.54263718609,405.13637246378,8394.54263718609,FALSE,20720.2887909961,1.12916301353507,1.00476415762051,1.03388575948781,0.0289835198105273,1.12916301353507
"SSP1","RestLatAm",2035,407.066506,8678.99809,407.066506,8678.99809,FALSE,21320.8356916499,1.1345425241108,1.00476415762051,1.03388575948782,0.0289835198105295,1.1345425241108
"SSP1","RestLatAm",2036,408.352353195719,8983.150367037,408.352353195719,8983.150367037,FALSE,21998.5272442681,1.13812633241128,1.003158813552,1.0350446300233,0.0317854122802337,1.13812633241128
"SSP1","RestLatAm",2037,409.642262142985,9297.96154809352,409.642262142985,9297.96154809352,FALSE,22697.7595022851,1.14172146129399,1.003158813552,1.0350446300233,0.0317854122802355,1.14172146129399
"SSP1","RestLatAm",2038,410.936245672115,9623.80517051735,410.936245672115,9623.80517051735,FALSE,23419.2171459029,1.14532794651854,1.003158813552,1.0350446300233,0.031785412280233,1.14532794651854
"SSP1","RestLatAm",2039,412.234316653953,9961.06786213449,412.234316653953,9961.06786213449,FALSE,24163.6066181657,1.14894582395749,1.003158813552,1.0350446300233,0.0317854122802355,1.14894582395749
"SSP1","RestLatAm",2040,413.536488,10310.1498,413.536488,10310.1498,FALSE,24931.6568167015,1.15257512959672,1.003158813552,1.0350446300233,0.0317854122802339,1.15257512959672
"SSP1","RestLatAm",2041,414.387754308841,10658.4325916022,414.387754308841,10658.4325916022,FALSE,25720.9159314553,1.15494770953756,1.00205850350221,1.03378057529312,0.0316569059391607,1.15494770953756
"SSP1","RestLatAm",2042,415.24077295236,11018.4805762695,415.24077295236,11018.4805762695,FALSE,26535.1605477664,1.15732517344252,1.00205850350221,1.03378057529312,0.0316569059391603,1.15732517344252
"SSP1","RestLatAm",2043,416.095547537745,11390.6911889919,416.095547537745,11390.6911889919,FALSE,27375.1816293075,1.15970753136525,1.00205850350221,1.03378057529312,0.0316569059391576,1.15970753136525
"SSP1","RestLatAm",2044,416.952081679607,11775.4752903423,416.952081679607,11775.4752903423,FALSE,28241.7951792139,1.16209479338011,1.00205850350221,1.03378057529312,0.0316569059391607,1.16209479338011
"SSP1","RestLatAm",2045,417.810379,12173.25762,417.810379,12173.25762,FALSE,29135.8430327553,1.16448696958219,1.00205850350221,1.03378057529312,0.0316569059391605,1.16448696958219
"SSP1","RestLatAm",2046,418.185644089961,12538.5582943683,418.185644089961,12538.5582943683,FALSE,29983.2346508552,1.16553287779645,1.00089817081821,1.03000845671484,0.0290841633498362,1.16553287779645
"SSP1","RestLatAm",2047,418.561246232076,12914.8210782113,418.561246232076,12914.8210782113,FALSE,30855.2719451971,1.16657972541495,1.00089817081821,1.03000845671484,0.0290841633498364,1.16657972541495
"SSP1","RestLatAm",2048,418.937185729074,13302.3749275166,418.937185729074,13302.3749275166,FALSE,31752.6717146548,1.16762751328143,1.00089817081821,1.03000845671483,0.0290841633498335,1.16762751328143
"SSP1","RestLatAm",2049,419.313462883957,13701.5586697335,419.313462883957,13701.5586697335,FALSE,32676.1716055975,1.16867624224039,1.00089817081821,1.03000845671484,0.0290841633498364,1.16867624224039
"SSP1","RestLatAm",2050,419.690078,14112.7213,419.690078,14112.7213,FALSE,33626.530718222,1.1697259131371,1.00089817081821,1.03000845671484,0.0290841633498362,1.1697259131371
"SSP1","ROW",2017,4741.07249258571,52160.2724051341,4741.07249258571,52160.2724051341,FALSE,11001.7875674132,1,1,1,0,1
"SSP1","ROW",2018,4803.54992553802,53801.5185393525,4809.67673309427,53188.5431661609,TRUE,11200.3662652318,1.01317791133757,1.01317791133757,1.03146544407343,0.0180496757096795,1.01317791133757
"SSP1","ROW",2019,4866.85068056235,55494.407212018,4879.27369029785,54237.0849248115,TRUE,11402.5292441489,1.02652948002237,1.01317791133757,1.03146544407343,0.0180496757096813,1.02652948002237
"SSP1","ROW",2020,4930.98560732401,57240.5633785358,4949.877729,55306.297296985,TRUE,11608.3411992759,1.0400569944955,1.01317791133757,1.03146544407343,0.0180496757096815,1.0400569944955
"SSP1","ROW",2021,4995.96569846417,59041.6631242545,5011.27270491162,57440.0924067762,TRUE,11817.8679934502,1.05376277335499,1.01317791133757,1.03146544407343,0.0180496757096811,1.05376277335499
"SSP1","ROW",2022,5061.80209148408,60899.4352732929,5073.42918308117,59656.2123474291,TRUE,12031.1766783117,1.06764916575309,1.01317791133757,1.03146544407343,0.0180496757096795,1.06764916575309
"SSP1","ROW",2023,5128.506070654,62815.663047988,5136.35660867386,61957.8333272619,TRUE,12248.3355157611,1.08171855179902,1.01317791133757,1.03146544407343,0.0180496757096815,1.08171855179902
"SSP1","ROW",2024,5196.08906894728,64792.1857805597,5200.06454400636,64348.2540971978,TRUE,12469.413999804,1.09597334296684,1.01317791133757,1.03146544407343,0.0180496757096811,1.09597334296684
"SSP1","ROW",2025,5264.56267,66830.900678633,5264.56267,66830.900678633,FALSE,12694.4828787902,1.1104159825088,1.01317791133757,1.03146544407343,0.0180496757096795,1.1104159825088
"SSP1","ROW",2026,5320.06435221618,69368.7420637508,5320.06435221618,69368.7420637508,FALSE,13039.0795056556,1.12212254938854,1.01054250574933,1.03797407126565,0.0271453851374388,1.12212254938854
"SSP1","ROW",2027,5376.15116123622,72002.9556184881,5376.15116123622,72002.9556184881,FALSE,13393.0303406743,1.13395253281693,1.01054250574933,1.03797407126565,0.0271453851374386,1.13395253281693
"SSP1","ROW",2028,5432.82926576282,74737.2009864817,5432.82926576282,74737.2009864817,FALSE,13756.5893074293,1.14590723391362,1.01054250574933,1.03797407126565,0.0271453851374368,1.14590723391362
"SSP1","ROW",2029,5490.10489953226,77575.2767829374,5490.10489953226,77575.2767829374,FALSE,14130.017222357,1.15798796751535,1.01054250574933,1.03797407126565,0.0271453851374388,1.15798796751535
"SSP1","ROW",2030,5547.984362,80521.125871945,5547.984362,80521.125871945,FALSE,14513.5819818565,1.17019606232053,1.01054250574933,1.03797407126565,0.0271453851374384,1.17019606232053
"SSP1","ROW",2031,5595.5396820475,83605.7759517437,5595.5396820475,83605.7759517437,FALSE,14941.50353718,1.18022656071976,1.00857163916561,1.03830858108845,0.0294842138803775,1.18022656071976
"SSP1","ROW",2032,5643.50262913886,86808.5945992539,5643.50262913886,86808.5945992539,FALSE,15382.0420231646,1.19034303693192,1.00857163916561,1.03830858108845,0.0294842138803773,1.19034303693192
"SSP1","ROW",2033,5691.876697306,90134.1086846336,5691.876697306,90134.1086846336,FALSE,15835.5694400925,1.20054622792779,1.00857163916561,1.03830858108845,0.0294842138803755,1.20054622792779
"SSP1","ROW",2034,5740.66541053044,93587.018496014,5740.66541053044,93587.018496014,FALSE,16302.4687563818,1.21083687699522,1.00857163916561,1.03830858108845,0.0294842138803773,1.21083687699522
"SSP1","ROW",2035,5789.872323,97172.2043828949,5789.872323,97172.2043828949,FALSE,16783.1342319731,1.22121573379324,1.00857163916561,1.03830858108845,0.0294842138803773,1.22121573379324
"SSP1","ROW",2036,5830.5590980719,100761.873525211,5830.5590980719,100761.873525211,FALSE,17281.6829107404,1.22979749986738,1.00702723182863,1.03694131634774,0.0297053382208841,1.22979749986738
"SSP1","ROW",2037,5871.53178854458,104484.149770897,5871.53178854458,104484.149770897,FALSE,17795.04114663,1.23843957200121,1.00702723182863,1.03694131634774,0.0297053382208856,1.23843957200121
"SSP1","ROW",2038,5912.79240361186,108343.931800908,5912.79240361186,108343.931800908,FALSE,18323.6488625452,1.24714237397942,1.00702723182863,1.03694131634774,0.0297053382208841,1.24714237397942
"SSP1","ROW",2039,5954.34296658661,112346.299259924,5954.34296658661,112346.299259924,FALSE,18867.9590494478,1.25590633256468,1.00702723182863,1.03694131634774,0.0297053382208858,1.25590633256468
"SSP1","ROW",2040,5996.185515,116496.519441383,5996.185515,116496.519441383,FALSE,19428.4381545495,1.26473187751866,1.00702723182863,1.03694131634774,0.0297053382208838,1.26473187751866
"SSP1","ROW",2041,6032.69675006292,120549.849867246,6032.69675006292,120549.849867246,FALSE,19982.7464998946,1.27243292725372,1.00608907695927,1.03479357533855,0.0285307723109676,1.27243292725372
"SSP1","ROW",2042,6069.43030484602,124744.210150653,6069.43030484602,124744.210150653,FALSE,20552.869690431,1.28018086927328,1.00608907695927,1.03479357533855,0.0285307723109696,1.28018086927328
"SSP1","ROW",2043,6106.38753307118,129084.507224578,6106.38753307118,129084.507224578,FALSE,21139.2589359056,1.28797598910808,1.00608907695927,1.03479357533855,0.0285307723109673,1.28797598910808
"SSP1","ROW",2044,6143.5697967032,133575.818751736,6143.5697967032,133575.818751736,FALSE,21742.3783194286,1.29581857402745,1.00608907695927,1.03479357533855,0.0285307723109696,1.29581857402745
"SSP1","ROW",2045,6180.978466,138223.399064883,6180.978466,138223.399064883,FALSE,22362.7051647591,1.30370891304996,1.00608907695927,1.03479357533855,0.0285307723109671,1.30370891304996
"SSP1","ROW",2046,6211.96153858624,142530.741028433,6211.96153858624,142530.741028433,FALSE,22944.5627026324,1.31024394760906,1.00501264852429,1.0311621765395,0.0260191033949808,1.31024394760906
"SSP1","ROW",2047,6243.09991842555,146972.309142667,6243.09991842555,146972.309142667,FALSE,23541.5596519449,1.3168117399995,1.00501264852429,1.0311621765395,0.0260191033949824,1.3168117399995
"SSP1","ROW",2048,6274.39438401862,151552.28618659,6274.39438401862,151552.28618659,FALSE,24154.089926608,1.32341245442477,1.00501264852429,1.0311621765395,0.0260191033949808,1.32341245442477
"SSP1","ROW",2049,6305.84571776845,156274.985283702,6305.84571776845,156274.985283702,FALSE,24782.5576898201,1.33004625591146,1.00501264852429,1.0311621765395,0.0260191033949824,1.33004625591146
"SSP1","ROW",2050,6337.454706,161144.85396382,6337.454706,161144.85396382,FALSE,25427.3776207436,1.33671331031339,1.00501264852429,1.0311621765395,0.0260191033949808,1.33671331031339
"SSP3","Brazil",2017,207.58791551878,3045.66225906189,207.58791551878,3045.66225906189,FALSE,14671.6741745324,1,1,1,0,1
"SSP3","Brazil",2018,208.807340952391,3096.90566521466,209.233838659058,3029.26673676607,TRUE,14831.402244238,1.00587426021676,1.00587426021676,1.01682504552181,0.0108868332138179,1.00587426021676
"SSP3","Brazil",2019,210.033929608314,3149.01124400865,210.892811995332,3012.95947545538,TRUE,14992.8692467981,1.01178302736661,1.00587426021676,1.01682504552181,0.010886833213819,1.01178302736661
"SSP3","Brazil",2020,211.267723565182,3201.99350153779,212.564939,2996.74,TRUE,15156.0941136846,1.01772650415226,1.00587426021676,1.01682504552181,0.0108868332138179,1.01772650415226
"SSP3","Brazil",2021,212.508765148806,3255.8671879617,213.551994259522,3087.80293652503,TRUE,15321.0959824732,1.02370489446714,1.00587426021676,1.01682504552181,0.0108868332138181,1.02370489446714
"SSP3","Brazil",2022,213.757096933631,3310.64730161212,214.543632956415,3181.63303283321,TRUE,15487.8941990873,1.02971840340241,1.00587426021676,1.01682504552181,0.0108868332138179,1.02971840340241
"SSP3","Brazil",2023,215.012761744198,3366.3490931684,215.539876374086,3278.31437553055,TRUE,15656.508320066,1.03576723725398,1.00587426021676,1.01682504552181,0.0108868332138181,1.03576723725398
"SSP3","Brazil",2024,216.275802656607,3422.98806990326,216.540745894772,3377.93360639077,TRUE,15826.9581148573,1.0418516035296,1.00587426021676,1.01682504552181,0.0108868332138188,1.0418516035296
"SSP3","Brazil",2025,217.546263,3480.58,217.546263,3480.58,FALSE,15999.2635681358,1.04797171095598,1.00587426021676,1.01682504552181,0.0108868332138181,1.04797171095598
"SSP3","Brazil",2026,218.633329163195,3538.49810101945,218.633329163195,3538.49810101945,FALSE,16184.6234266423,1.05320836531747,1.00499694248113,1.01664035908367,0.0115855244034888,1.05320836531747
"SSP3","Brazil",2027,219.725827333481,3597.37998003731,219.725827333481,3597.37998003731,FALSE,16372.130776313,1.0584711869396,1.00499694248113,1.01664035908367,0.011585524403489,1.0584711869396
"SSP3","Brazil",2028,220.823784654284,3657.24167466555,220.823784654284,3657.24167466555,FALSE,16561.8104969591,1.06376030657867,1.00499694248113,1.01664035908368,0.0115855244034908,1.06376030657867
"SSP3","Brazil",2029,221.927228404666,3718.09948938776,221.927228404666,3718.09948938776,FALSE,16753.6877566376,1.06907585564435,1.00499694248113,1.01664035908367,0.0115855244034888,1.06907585564435
"SSP3","Brazil",2030,223.036186,3779.97,223.036186,3779.97,FALSE,16947.7880149905,1.07441796620296,1.00499694248113,1.01664035908367,0.011585524403489,1.07441796620296
"SSP3","Brazil",2031,223.970317996771,3869.07305553577,223.970317996771,3869.07305553577,FALSE,17274.9366529522,1.07891790057745,1.00418825309706,1.02357242399696,0.0193033236946485,1.07891790057745
"SSP3","Brazil",2032,224.90836237477,3960.27648607607,224.90836237477,3960.27648607607,FALSE,17608.4003469687,1.08343668181602,1.00418825309706,1.02357242399696,0.0193033236946507,1.08343668181602
"SSP3","Brazil",2033,225.850335520041,4053.62980255103,225.850335520041,4053.62980255103,FALSE,17948.3009986112,1.0879743888541,1.00418825309706,1.02357242399696,0.0193033236946478,1.0879743888541
"SSP3","Brazil",2034,226.796253887255,4149.18368298346,226.796253887255,4149.18368298346,FALSE,18294.7628625564,1.09253110095774,1.00418825309706,1.02357242399696,0.0193033236946505,1.09253110095774
"SSP3","Brazil",2035,227.746134,4246.99,227.746134,4246.99,FALSE,18647.9125920092,1.09710689772496,1.00418825309706,1.02357242399696,0.0193033236946489,1.09710689772496
"SSP3","Brazil",2036,228.48040324114,4351.43675161278,228.48040324114,4351.43675161278,FALSE,19045.1202373809,1.10064404601852,1.00322406895891,1.02459312398023,0.0213003811237249,1.10064404601852
"SSP3","Brazil",2037,229.217039816949,4458.4521751373,229.217039816949,4458.4521751373,FALSE,19450.7885569842,1.1041925983221,1.00322406895891,1.02459312398023,0.0213003811237238,1.1041925983221
"SSP3","Brazil",2038,229.956051359875,4568.09944224035,229.956051359875,4568.09944224035,FALSE,19865.0977664049,1.107752591403,1.00322406895891,1.02459312398022,0.0213003811237229,1.107752591403
"SSP3","Brazil",2039,230.697445526977,4680.44327817737,230.697445526977,4680.44327817737,FALSE,20288.2319198894,1.11132406214709,1.00322406895891,1.02459312398023,0.0213003811237242,1.11132406214709
"SSP3","Brazil",2040,231.44123,4795.55,231.44123,4795.55,FALSE,20720.3789921096,1.11490704755915,1.00322406895891,1.02459312398023,0.0213003811237247,1.11490704755915
"SSP3","Brazil",2041,231.861072615473,4907.99566379358,231.861072615473,4907.99566379358,FALSE,21167.8295473651,1.11692952856159,1.00181403553495,1.0234479181311,0.0215947090266049,1.11692952856159
"SSP3","Brazil",2042,232.281676840369,5023.07794430598,232.281676840369,5023.07794430598,FALSE,21624.9426671652,1.11895567841643,1.00181403553495,1.02344791813109,0.0215947090266038,1.11895567841643
"SSP3","Brazil",2043,232.703044056275,5140.85866471018,232.703044056275,5140.85866471018,FALSE,22091.9270117797,1.12098550377911,1.00181403553495,1.0234479181311,0.0215947090266047,1.12098550377911
"SSP3","Brazil",2044,233.125175647284,5261.40109780383,233.125175647284,5261.40109780383,FALSE,22568.995747436,1.12301901131713,1.00181403553495,1.02344791813109,0.021594709026604,1.12301901131713
"SSP3","Brazil",2045,233.548073,5384.77,233.548073,5384.77,FALSE,23056.3666436246,1.12505620771009,1.00181403553495,1.0234479181311,0.0215947090266047,1.12505620771009
"SSP3","Brazil",2046,233.736367735332,5501.34781792326,233.736367735332,5501.34781792326,FALSE,23536.5504787541,1.12596326790606,1.00080623544829,1.02164954453454,0.0208265180091707,1.12596326790606
"SSP3","Brazil",2047,233.924814280553,5620.44949250739,233.924814280553,5620.44949250739,FALSE,24026.7348711736,1.12687105940611,1.00080623544829,1.02164954453454,0.020826518009172,1.12687105940611
"SSP3","Brazil",2048,234.11341275806,5742.12966409956,234.11341275806,5742.12966409956,FALSE,24527.1280976697,1.12777958279985,1.00080623544829,1.02164954453454,0.0208265180091696,1.12777958279985
"SSP3","Brazil",2049,234.302163290345,5866.4441559856,234.302163290345,5866.4441559856,FALSE,25037.9427727091,1.12868883867736,1.00080623544829,1.02164954453454,0.0208265180091722,1.12868883867736
"SSP3","Brazil",2050,234.491066,5993.45,234.491066,5993.45,FALSE,25559.3959387775,1.12959882762919,1.00080623544829,1.02164954453454,0.0208265180091705,1.12959882762919
"SSP3","Argentina",2017,43.7792586096923,974.274599138948,43.7792586096923,974.274599138948,FALSE,22254.2507589028,1,1,1,0,1
"SSP3","Argentina",2018,44.0563060570303,980.575777870335,44.1524629177069,946.574649246784,TRUE,22257.3308030181,1.00632828092883,1.00632828092883,1.00646755928663,0.00013840250784769,1.00632828092883
"SSP3","Argentina",2019,44.3351067384458,986.917709848743,44.5288486741961,919.662246545839,TRUE,22260.4112734192,1.01269660899717,1.00632828092883,1.00646755928663,0.000138402507847024,1.01269660899717
"SSP3","Argentina",2020,44.6156717488963,993.300658648214,44.908443,893.515,TRUE,22263.4921701652,1.01910523763458,1.00632828092883,1.00646755928663,0.00013840250784769,1.01910523763458
"SSP3","Argentina",2021,44.8980122535518,999.724889547469,45.1335571824241,918.538584122333,TRUE,22266.573493315,1.02555442187438,1.00632828092883,1.00646755928663,0.00013840250784769,1.02555442187438
"SSP3","Argentina",2022,45.1821394882384,1006.19066954093,45.3597998028823,944.262973225362,TRUE,22269.6552429276,1.0320444183638,1.00632828092883,1.00646755928663,0.000138402507846358,1.0320444183638
"SSP3","Argentina",2023,45.4680647598855,1012.69826734984,45.5871765179367,970.707793898891,TRUE,22272.7374190622,1.03857548537424,1.00632828092883,1.00646755928663,0.000138402507847912,1.03857548537424
"SSP3","Argentina",2024,45.7557994469763,1019.24795343339,45.8156930125046,997.893222390672,TRUE,22275.8200217776,1.04514788281148,1.00632828092883,1.00646755928663,0.000138402507847024,1.04514788281148
"SSP3","Argentina",2025,46.045355,1025.84,46.045355,1025.84,FALSE,22278.9030511329,1.05176187222609,1.00632828092883,1.00646755928663,0.000138402507847468,1.05176187222609
"SSP3","Argentina",2026,46.3222159093791,1051.30768448093,46.3222159093791,1051.30768448093,FALSE,22695.5395773297,1.05808589227968,1.00601278694407,1.02482617609074,0.0187009443526263,1.05808589227968
"SSP3","Argentina",2027,46.6007415244194,1077.4076341814,46.6007415244194,1077.4076341814,FALSE,23119.9676000182,1.06444793731848,1.00601278694407,1.02482617609074,0.0187009443526256,1.06444793731848
"SSP3","Argentina",2028,46.8809418546415,1104.1555458291,46.8809418546415,1104.1555458291,FALSE,23552.3328275407,1.07084823597864,1.00601278694407,1.02482617609074,0.0187009443526265,1.07084823597864
"SSP3","Argentina",2029,47.1628269697508,1131.56750584142,47.1628269697508,1131.56750584142,FALSE,23992.783693123,1.07728701827101,1.00601278694407,1.02482617609074,0.0187009443526254,1.07728701827101
"SSP3","Argentina",2030,47.446407,1159.66,47.446407,1159.66,FALSE,24441.4714058327,1.08376451558949,1.00601278694407,1.02482617609074,0.018700944352626,1.08376451558949
"SSP3","Argentina",2031,47.7317339767544,1181.62965361824,47.7317339767544,1181.62965361824,FALSE,24755.6406434699,1.09028191642759,1.00601366878538,1.01894490938571,0.0128539412550364,1.09028191642759
"SSP3","Argentina",2032,48.0187768154425,1204.0155203335,48.0187768154425,1204.0155203335,FALSE,25073.8481940319,1.09683851075568,1.00601366878538,1.01894490938571,0.0128539412550372,1.09683851075568
"SSP3","Argentina",2033,48.3075458346898,1226.82548526521,48.3075458346898,1226.82548526521,FALSE,25396.1459657557,1.10343453427041,1.00601366878538,1.01894490938571,0.0128539412550364,1.10343453427041
"SSP3","Argentina",2034,48.5980514151742,1250.06758291565,48.5980514151742,1250.06758291565,FALSE,25722.5865341039,1.11007022408587,1.00601366878538,1.01894490938571,0.012853941255037,1.11007022408587
"SSP3","Argentina",2035,48.890304,1273.75,48.890304,1273.75,FALSE,26053.2231503408,1.11674581874203,1.00601366878538,1.01894490938571,0.0128539412550361,1.11674581874203
"SSP3","Argentina",2036,49.1752442348745,1295.27603177109,49.1752442348745,1295.27603177109,FALSE,26340.0020055721,1.12325438567358,1.00582815428749,1.01689973053667,0.0110074232879511,1.12325438567358
"SSP3","Argentina",2037,49.4618451454005,1317.16584767864,49.4618451454005,1317.16584767864,FALSE,26629.9375570529,1.12980088553738,1.00582815428749,1.01689973053668,0.0110074232879516,1.12980088553738
"SSP3","Argentina",2038,49.750116410252,1339.42559557651,49.750116410252,1339.42559557651,FALSE,26923.0645518751,1.13638553941244,1.00582815428749,1.01689973053667,0.0110074232879505,1.13638553941244
"SSP3","Argentina",2039,50.0400677645118,1362.06152721568,50.0400677645118,1362.06152721568,FALSE,27219.4181196064,1.14300856966622,1.00582815428749,1.01689973053668,0.0110074232879516,1.14300856966622
"SSP3","Argentina",2040,50.331709,1385.08,50.331709,1385.08,FALSE,27519.0337765006,1.14967019996216,1.00582815428749,1.01689973053667,0.0110074232879511,1.14967019996216
"SSP3","Argentina",2041,50.583414846887,1406.83573676217,50.583414846887,1406.83573676217,FALSE,27812.1937995009,1.15541963142538,1.00500093980292,1.01570720591025,0.0106529911399234,1.15541963142538
"SSP3","Argentina",2042,50.8363794595624,1428.9331953614,50.8363794595624,1428.9331953614,FALSE,28108.4768536288,1.16119781544925,1.00500093980292,1.01570720591025,0.0106529911399229,1.16119781544925
"SSP3","Argentina",2043,51.090609133038,1451.37774329294,51.090609133038,1451.37774329294,FALSE,28407.9162085073,1.16700489582359,1.00500093980292,1.01570720591025,0.0106529911399236,1.16700489582359
"SSP3","Argentina",2044,51.3461101938067,1474.1748323604,51.3461101938067,1474.1748323604,FALSE,28710.5454881802,1.17284101705731,1.00500093980292,1.01570720591025,0.0106529911399229,1.17284101705731
"SSP3","Argentina",2045,51.602889,1497.33,51.602889,1497.33,FALSE,29016.3986748882,1.17870632438201,1.00500093980292,1.01570720591025,0.0106529911399236,1.17870632438201
"SSP3","Argentina",2046,51.8294008951871,1520.77050439492,51.8294008951871,1520.77050439492,FALSE,29341.849956366,1.18388027895275,1.00438951964854,1.01565486859605,0.0112161155877508,1.18388027895275
"SSP3","Argentina",2047,52.0569070687889,1544.57796680597,52.0569070687889,1544.57796680597,FALSE,29670.951537035,1.18907694469874,1.00438951964854,1.01565486859605,0.0112161155877513,1.18907694469874
"SSP3","Argentina",2048,52.2854118852098,1568.75813191267,52.2854118852098,1568.75813191267,FALSE,30003.7443590729,1.19429642131112,1.00438951964854,1.01565486859605,0.0112161155877506,1.19429642131112
"SSP3","Argentina",2049,52.5149197280122,1593.31683432674,52.5149197280122,1593.31683432674,FALSE,30340.2698238696,1.19953880891866,1.00438951964854,1.01565486859605,0.0112161155877513,1.19953880891866
"SSP3","Argentina",2050,52.745435,1618.26,52.745435,1618.26,FALSE,30680.5697971777,1.2048042080896,1.00438951964854,1.01565486859605,0.0112161155877508,1.2048042080896
"SSP3","Paraguay",2017,6.30587936114544,82.6099461993201,6.30587936114544,82.6099461993201,FALSE,13100.4641015388,1,1,1,0,1
"SSP3","Paraguay",2018,6.38912009662229,84.9489379585359,6.39370275959995,84.4146831907438,TRUE,13295.8743416712,1.0132004960307,1.0132004960307,1.02831368215121,0.0149162837757355,1.0132004960307
"SSP3","Paraguay",2019,6.4734596510974,87.3541551869764,6.48274929425393,86.2588473426737,TRUE,13494.199376398,1.02657524515685,1.0132004960307,1.02831368215121,0.0149162837757353,1.02657524515685
"SSP3","Paraguay",2020,6.55891252952658,89.8274729715275,6.573036,88.1433,TRUE,13695.4826836227,1.04012654760575,1.0132004960307,1.0283136821512,0.0149162837757344,1.04012654760575
"SSP3","Paraguay",2021,6.64549342833828,92.3708194896894,6.65693889118,90.9827156722616,TRUE,13899.7683897773,1.05385673396884,1.0132004960307,1.02831368215121,0.0149162837757355,1.05385673396884
"SSP3","Paraguay",2022,6.73321723796108,94.9861775127669,6.74191277834243,93.9135992310203,TRUE,14107.1012794962,1.06776816560252,1.0132004960307,1.02831368215121,0.0149162837757353,1.06776816560252
"SSP3","Paraguay",2023,6.8220990453846,97.6755859516213,6.82797133243925,96.9388971889486,TRUE,14317.5268054342,1.08186323503426,1.0132004960307,1.02831368215121,0.0149162837757346,1.08186323503426
"SSP3","Paraguay",2024,6.91215413675422,100.441141446188,6.91512839892814,100.061650976588,TRUE,14531.0910982308,1.09614436637409,1.0132004960307,1.02831368215121,0.0149162837757353,1.09614436637409
"SSP3","Paraguay",2025,7.003398,103.285,7.003398,103.285,FALSE,14747.8409766231,1.11061401573148,1.0132004960307,1.02831368215121,0.0149162837757357,1.11061401573148
"SSP3","Paraguay",2026,7.10191807597099,106.932689812431,7.10191807597099,106.932689812431,FALSE,15056.8745891667,1.12623754265431,1.01406746781648,1.03531674311305,0.0209544985624297,1.12623754265431
"SSP3","Paraguay",2027,7.20182407993998,110.709204148924,7.20182407993998,110.709204148924,FALSE,15372.3838461,1.14208085303931,1.01406746781648,1.03531674311305,0.0209544985624299,1.14208085303931
"SSP3","Paraguay",2028,7.30313550840447,114.619092672101,7.30313550840447,114.619092672101,FALSE,15694.5044413043,1.15814703868326,1.01406746781648,1.03531674311305,0.0209544985624299,1.15814703868326
"SSP3","Paraguay",2029,7.40587213212833,118.667065723852,7.40587213212833,118.667065723852,FALSE,16023.3749120576,1.17443923487668,1.01406746781648,1.03531674311305,0.0209544985624301,1.17443923487668
"SSP3","Paraguay",2030,7.510054,122.858,7.510054,122.858,FALSE,16359.1366986176,1.19096062101572,1.01406746781648,1.03531674311305,0.0209544985624297,1.19096062101572
"SSP3","Paraguay",2031,7.60385518171866,126.818139333076,7.60385518171866,126.818139333076,FALSE,16678.1371162847,1.2058358154726,1.01249008085943,1.03223346736131,0.0194998320231712,1.2058358154726
"SSP3","Paraguay",2032,7.69882794778169,130.905927688091,7.69882794778169,130.905927688091,FALSE,17003.3579885117,1.22089680231105,1.01249008085943,1.03223346736131,0.0194998320231701,1.22089680231105
"SSP3","Paraguay",2033,7.79498693137229,135.125479635627,7.79498693137229,135.125479635627,FALSE,17334.9206131175,1.23614590209292,1.01249008085943,1.03223346736131,0.019499832023171,1.23614590209292
"SSP3","Paraguay",2034,7.8923469484433,139.481042373144,7.8923469484433,139.481042373144,FALSE,17672.9486532083,1.25158546436411,1.01249008085943,1.03223346736131,0.0194998320231703,1.25158546436411
"SSP3","Paraguay",2035,7.990923,143.977,7.990923,143.977,FALSE,18017.5681833,1.2672178680165,1.01249008085943,1.03223346736131,0.0194998320231707,1.2672178680165
"SSP3","Paraguay",2036,8.08182041182388,147.803524404663,8.08182041182388,147.803524404663,FALSE,18288.3950487719,1.28163257635741,1.01137508293146,1.02657733113388,0.0150312663016814,1.28163257635741
"SSP3","Paraguay",2037,8.17375178924551,151.731747615521,8.17375178924551,151.731747615521,FALSE,18563.2927849803,1.29621125320114,1.01137508293146,1.02657733113388,0.0150312663016816,1.29621125320114
"SSP3","Paraguay",2038,8.26672889370932,155.764372515422,8.26672889370932,155.764372515422,FALSE,18842.3225822674,1.31095576370299,1.01137508293146,1.02657733113388,0.0150312663016816,1.31095576370299
"SSP3","Paraguay",2039,8.36076362044713,159.904173822626,8.36076362044713,159.904173822626,FALSE,19125.5465507437,1.32586799423458,1.01137508293146,1.02657733113388,0.0150312663016814,1.32586799423458
"SSP3","Paraguay",2040,8.45586800000002,164.154,8.45586800000002,164.154,FALSE,19413.0277341131,1.34094985262516,1.01137508293146,1.02657733113388,0.0150312663016812,1.34094985262516
"SSP3","Paraguay",2041,8.53649818350384,167.799268248305,8.53649818350384,167.799268248305,FALSE,19656.6864586892,1.35373636167268,1.00953541179969,1.02220639307178,0.0125512994630892,1.35373636167268
"SSP3","Paraguay",2042,8.61789720901086,171.525484756184,8.61789720901086,171.525484756184,FALSE,19903.4034168843,1.36664479534944,1.00953541179969,1.02220639307178,0.0125512994630901,1.36664479534944
"SSP3","Paraguay",2043,8.70007240774618,175.334447092508,8.70007240774618,175.334447092508,FALSE,20153.2169935043,1.379676316257,1.00953541179969,1.02220639307178,0.0125512994630887,1.379676316257
"SSP3","Paraguay",2044,8.78303118084116,179.227992743668,8.78303118084116,179.227992743668,FALSE,20406.1660551344,1.39283209808279,1.00953541179969,1.02220639307178,0.0125512994630905,1.39283209808279
"SSP3","Paraguay",2045,8.866781,183.208,8.866781,183.208,FALSE,20662.2899561859,1.40611332570583,1.00953541179969,1.02220639307178,0.0125512994630885,1.40611332570583
"SSP3","Paraguay",2046,8.94046571122714,186.730145906482,8.94046571122714,186.730145906482,FALSE,20885.9529176419,1.41779840672422,1.00831019861967,1.01922484774945,0.0108246937745162,1.41779840672422
"SSP3","Paraguay",2047,9.01476275703981,190.320004531767,9.01476275703981,190.320004531767,FALSE,21112.0369621643,1.42958059308675,1.00831019861967,1.01922484774945,0.0108246937745162,1.42958059308675
"SSP3","Paraguay",2048,9.08967722606005,193.978877642565,9.08967722606005,193.978877642565,FALSE,21340.568297236,1.44146069175813,1.00831019861967,1.01922484774945,0.0108246937745144,1.44146069175813
"SSP3","Paraguay",2049,9.16521424919732,197.708092031853,9.16521424919732,197.708092031853,FALSE,21571.5734140277,1.45343951640909,1.00831019861967,1.01922484774945,0.0108246937745162,1.45343951640909
"SSP3","Paraguay",2050,9.24137900000001,201.509,9.24137900000001,201.509,FALSE,21805.079090469,1.46551788747214,1.00831019861967,1.01922484774945,0.0108246937745162,1.46551788747214
"SSP3","Uruguay",2017,3.40945195868718,76.6830375299392,3.40945195868718,76.6830375299392,FALSE,22491.309001892,1,1,1,0,1
"SSP3","Uruguay",2018,3.40964817432366,78.202433724736,3.41571213762057,76.3511237753735,TRUE,22935.6313984648,1.00005755049165,1.00005755049165,1.01981398029784,0.0197552928793721,1.00005755049165
"SSP3","Uruguay",2019,3.40984440125245,79.7519352058012,3.42198381102308,76.0206466715199,TRUE,23388.7315141148,1.00011510429536,1.00005755049165,1.01981398029784,0.0197552928793729,1.00011510429536
"SSP3","Uruguay",2020,3.41004063947419,81.3321384786836,3.428267,75.6916,TRUE,23850.7827552532,1.00017266141132,1.00005755049165,1.01981398029784,0.0197552928793734,1.00017266141132
"SSP3","Uruguay",2021,3.41023688898954,82.9436518680815,3.42481103926414,78.3089765532151,TRUE,24321.9619539855,1.00023022183972,1.00005755049165,1.01981398029784,0.0197552928793721,1.00023022183972
"SSP3","Uruguay",2022,3.41043314979915,84.5870957520267,3.42135856240646,81.0168606399123,TRUE,24802.4494357875,1.00028778558075,1.00005755049165,1.01981398029784,0.0197552928793723,1.00028778558075
"SSP3","Uruguay",2023,3.41062942190366,86.2631028007089,3.41790956591494,83.8183819639959,TRUE,25292.4290885173,1.0003453526346,1.00005755049165,1.01981398029784,0.0197552928793734,1.0003453526346
"SSP3","Uruguay",2024,3.41082570530373,87.9723182200329,3.4144640462811,86.7167784529192,TRUE,25792.0884327917,1.00040292300147,1.00005755049165,1.01981398029784,0.0197552928793732,1.00040292300147
"SSP3","Uruguay",2025,3.411022,89.7154,3.411022,89.7154,FALSE,26301.6186937522,1.00046049668153,1.00005755049165,1.01981398029784,0.0197552928793723,1.00046049668153
"SSP3","Uruguay",2026,3.41254204464926,91.777885016786,3.41254204464926,91.777885016786,FALSE,26894.2869614428,1.00090632922813,1.00044562733669,1.02298919713657,0.0225335282436987,1.00090632922813
"SSP3","Uruguay",2027,3.41406276667196,93.887784908214,3.41406276667196,93.887784908214,FALSE,27500.3101362826,1.00135236044991,1.00044562733669,1.02298919713657,0.0225335282436974,1.00135236044991
"SSP3","Uruguay",2028,3.41558416636997,96.0461897041846,3.41558416636997,96.0461897041846,FALSE,28119.989151449,1.00179859043538,1.00044562733669,1.02298919713657,0.0225335282436985,1.00179859043538
"SSP3","Uruguay",2029,3.41710624404527,98.2542144935101,3.41710624404527,98.2542144935101,FALSE,28753.6317212057,1.00224501927314,1.00044562733669,1.02298919713657,0.0225335282436976,1.00224501927314
"SSP3","Uruguay",2030,3.418629,100.513,3.418629,100.513,FALSE,29401.5524937044,1.00269164705179,1.00044562733669,1.02298919713657,0.0225335282436985,1.00269164705179
"SSP3","Uruguay",2031,3.42063564292642,102.253658319272,3.42063564292642,102.253658319272,FALSE,29893.1745422005,1.00328019997781,1.00058697300187,1.01731774317025,0.0167209554189836,1.00328019997781
"SSP3","Uruguay",2032,3.42264346369807,104.024460912264,3.42264346369807,104.024460912264,FALSE,30393.0169810525,1.00386909836852,1.00058697300187,1.01731774317025,0.0167209554189831,1.00386909836852
"SSP3","Uruguay",2033,3.4246524630063,105.825929809766,3.4246524630063,105.825929809766,FALSE,30901.2172630411,1.00445834242667,1.00058697300187,1.01731774317025,0.0167209554189829,1.00445834242667
"SSP3","Uruguay",2034,3.42666264154288,107.658596082965,3.42666264154288,107.658596082965,FALSE,31417.9151392887,1.00504793235519,1.00058697300187,1.01731774317025,0.0167209554189831,1.00504793235519
"SSP3","Uruguay",2035,3.428674,109.523,3.428674,109.523,FALSE,31943.2526976901,1.00563786835707,1.00058697300187,1.01731774317025,0.0167209554189833,1.00563786835707
"SSP3","Uruguay",2036,3.42987415950766,110.933593717242,3.42987415950766,110.933593717242,FALSE,32343.3422213852,1.0059898778654,1.00035003605116,1.01287942913582,0.0125250088800135,1.0059898778654
"SSP3","Uruguay",2037,3.43107473911441,112.362355076305,3.43107473911441,112.362355076305,FALSE,32748.4428699174,1.00634201058975,1.00035003605116,1.01287942913582,0.012525008880014,1.00634201058975
"SSP3","Uruguay",2038,3.43227573896731,113.809518066044,3.43227573896731,113.809518066044,FALSE,33158.6174076697,1.00669426657325,1.00035003605116,1.01287942913582,0.0125250088800137,1.00669426657325
"SSP3","Uruguay",2039,3.43347715921346,115.275319688957,3.43347715921346,115.275319688957,FALSE,33573.9293851498,1.00704664585904,1.00035003605116,1.01287942913582,0.0125250088800135,1.00704664585904
"SSP3","Uruguay",2040,3.434679,116.76,3.434679,116.76,FALSE,33994.4431488357,1.00739914849029,1.00035003605116,1.01287942913582,0.0125250088800135,1.00739914849029
"SSP3","Uruguay",2041,3.43318950868721,117.990777568634,3.43318950868721,117.990777568634,FALSE,34367.6855792769,1.00696227730664,0.999566337549218,1.01054108914555,0.0109795129988468,1.00696227730664
"SSP3","Uruguay",2042,3.43170066331087,119.234528873338,3.43170066331087,119.234528873338,FALSE,34745.0260298349,1.00652559557761,0.999566337549217,1.01054108914555,0.0109795129988479,1.00652559557761
"SSP3","Uruguay",2043,3.43021246359087,120.491390671419,3.43021246359087,120.491390671419,FALSE,35126.5094947748,1.00608910322106,0.999566337549218,1.01054108914555,0.0109795129988468,1.00608910322106
"SSP3","Uruguay",2044,3.4287249092472,121.761501161758,3.4287249092472,121.761501161758,FALSE,35512.1814623768,1.00565280015485,0.999566337549217,1.01054108914555,0.0109795129988477,1.00565280015485
"SSP3","Uruguay",2045,3.427238,123.045,3.427238,123.045,FALSE,35902.0879203604,1.0052166862969,0.999566337549218,1.01054108914555,0.0109795129988466,1.0052166862969
"SSP3","Uruguay",2046,3.42326399467682,124.164830529285,3.42326399467682,124.164830529285,FALSE,36270.8896311713,1.00405110151338,0.998840464151256,1.00910098361807,0.0102724307184863,1.00405110151338
"SSP3","Uruguay",2047,3.41929459735528,125.294852617873,3.41929459735528,125.294852617873,FALSE,36643.4798320053,1.00288686826721,0.998840464151256,1.00910098361807,0.0102724307184858,1.00288686826721
"SSP3","Uruguay",2048,3.41532980269223,126.435159018977,3.41532980269223,126.435159018977,FALSE,37019.8974398638,1.00172398499122,0.998840464151256,1.00910098361807,0.0102724307184863,1.00172398499122
"SSP3","Uruguay",2049,3.41136960535072,127.585843329956,3.41136960535072,127.585843329956,FALSE,37400.1817715203,1.00056245012007,0.998840464151256,1.00910098361807,0.0102724307184858,1.00056245012007
"SSP3","Uruguay",2050,3.407414,128.747,3.407414,128.747,FALSE,37784.372547627,0.99940226209025,0.998840464151256,1.00910098361807,0.0102724307184865,0.99940226209025
"SSP3","Bolivia",2017,11.3394265973092,88.7088479909017,11.3394265973092,88.7088479909017,FALSE,7823.04530389146,1,1,1,0,1
"SSP3","Bolivia",2018,11.4921161101249,90.7583756342396,11.5111222190313,89.6846911848746,TRUE,7897.44680305472,1.01346536454074,1.01346536454074,1.02310398218167,0.00951055455683592,1.01346536454074
"SSP3","Bolivia",2019,11.6468616428922,92.85525552773,11.6854175653748,90.6712691585318,TRUE,7972.5559017349,1.02711204512369,1.01346536454074,1.02310398218167,0.00951055455683769,1.02711204512369
"SSP3","Bolivia",2020,11.8036908806693,95.0005816969167,11.862352,91.6687,TRUE,8048.37932959577,1.04094248323546,1.01346536454074,1.02310398218167,0.00951055455683614,1.04094248323546
"SSP3","Bolivia",2021,11.9626318813037,97.1954734436902,12.0101691018883,94.4586829624119,TRUE,8124.92388030401,1.05495915323817,1.01346536454074,1.02310398218167,0.00951055455683725,1.05495915323817
"SSP3","Bolivia",2022,12.1237130804521,99.4410759302718,12.1598281568405,97.3335804586891,TRUE,8202.19641213779,1.06916456281211,1.01346536454074,1.02310398218167,0.00951055455683636,1.06916456281211
"SSP3","Bolivia",2023,12.2869632966676,101.73856077669,12.3113521174854,100.295976905353,TRUE,8280.20384860131,1.08356125340441,1.01346536454074,1.02310398218167,0.00951055455683614,1.08356125340441
"SSP3","Bolivia",2024,12.4524117365559,104.089126672063,12.4647642224653,103.34853537694,TRUE,8358.95317904517,1.09815180068372,1.01346536454074,1.02310398218167,0.00951055455683747,1.09815180068372
"SSP3","Bolivia",2025,12.620088,106.494,12.620088,106.494,FALSE,8438.45145929252,1.11293881500099,1.01346536454074,1.02310398218167,0.00951055455683636,1.11293881500099
"SSP3","Bolivia",2026,12.8069147668126,108.96248014792,12.8069147668126,108.96248014792,FALSE,8508.09754979258,1.12941467162472,1.01480391949823,1.02317952324,0.00825342076517721,1.12941467162472
"SSP3","Bolivia",2027,12.9965073020411,111.488178488797,12.9965073020411,111.488178488797,FALSE,8578.31845878219,1.14613443550357,1.01480391949823,1.02317952324,0.00825342076517654,1.14613443550357
"SSP3","Bolivia",2028,13.1889065498987,114.072421313063,13.1889065498987,114.072421313063,FALSE,8649.11893048021,1.16310171742091,1.01480391949823,1.02317952324,0.00825342076517788,1.16310171742091
"SSP3","Bolivia",2029,13.384154060733,116.716565653932,13.384154060733,116.716565653932,FALSE,8720.50374826151,1.18032018161386,1.01480391949823,1.02317952324,0.00825342076517632,1.18032018161386
"SSP3","Bolivia",2030,13.582292,119.422,13.582292,119.422,FALSE,8792.47773498022,1.19779354656461,1.01480391949823,1.02317952324,0.00825342076517743,1.19779354656461
"SSP3","Bolivia",2031,13.7734656957424,122.587660026063,13.7734656957424,122.587660026063,FALSE,8900.27700609565,1.21465274963822,1.0140752161522,1.02650818129041,0.012260397394759,1.21465274963822
"SSP3","Bolivia",2032,13.9673302025749,125.837235942,13.9673302025749,125.837235942,FALSE,9009.39793911381,1.23174924963924,1.0140752161522,1.02650818129041,0.0122603973947586,1.23174924963924
"SSP3","Bolivia",2033,14.1639233942453,129.172952205435,14.1639233942453,129.172952205435,FALSE,9119.85673813487,1.24908638657323,1.0140752161522,1.02650818129041,0.0122603973947593,1.24908638657323
"SSP3","Bolivia",2034,14.3632836775826,132.597092240313,14.3632836775826,132.597092240313,FALSE,9231.66980592767,1.26666754745702,1.0140752161522,1.02650818129041,0.0122603973947586,1.26666754745702
"SSP3","Bolivia",2035,14.56545,136.112,14.56545,136.112,FALSE,9344.85374636555,1.28449616698046,1.0140752161522,1.02650818129041,0.0122603973947593,1.28449616698046
"SSP3","Bolivia",2036,14.7508727379481,139.959632597889,14.7508727379481,139.959632597889,FALSE,9488.22724487545,1.30084820527419,1.01273031303173,1.02826813651911,0.0153425085508341,1.30084820527419
"SSP3","Bolivia",2037,14.9386559653934,143.916030599331,14.9386559653934,143.916030599331,FALSE,9633.80045251221,1.3174084101341,1.01273031303173,1.02826813651911,0.0153425085508343,1.3174084101341
"SSP3","Bolivia",2038,15.1288297321062,147.984268599602,15.1288297321062,147.984268599602,FALSE,9781.60711833193,1.33417943158574,1.01273031303173,1.02826813651911,0.0153425085508359,1.33417943158574
"SSP3","Bolivia",2039,15.3214244703997,152.167508107057,15.3214244703997,152.167508107057,FALSE,9931.68150918584,1.35116395339033,1.01273031303173,1.02826813651911,0.0153425085508343,1.35116395339033
"SSP3","Bolivia",2040,15.516471,156.469,15.516471,156.469,FALSE,10084.0584176647,1.36836469347418,1.01273031303173,1.02826813651911,0.0153425085508343,1.36836469347418
"SSP3","Bolivia",2041,15.6875077591672,160.602915889949,15.6875077591672,160.602915889949,FALSE,10237.6310090491,1.38344806278739,1.01102291617516,1.02642003137969,0.0152292445187951,1.38344806278739
"SSP3","Bolivia",2042,15.8604298421937,164.846049967432,15.8604298421937,164.846049967432,FALSE,10393.5423949791,1.39869769481618,1.01102291617516,1.02642003137969,0.015229244518796,1.39869769481618
"SSP3","Bolivia",2043,16.0352580308461,169.20128778039,16.0352580308461,169.20128778039,FALSE,10551.8281935287,1.41411542226052,1.01102291617516,1.02642003137969,0.0152292445187949,1.41411542226052
"SSP3","Bolivia",2044,16.2120133359671,173.671591113032,16.2120133359671,173.671591113032,FALSE,10712.5245652083,1.4297030980221,1.01102291617516,1.02642003137969,0.015229244518796,1.4297030980221
"SSP3","Bolivia",2045,16.390717,178.26,16.390717,178.26,FALSE,10875.6682212255,1.44546259542695,1.01102291617516,1.02642003137969,0.0152292445187954,1.44546259542695
"SSP3","Bolivia",2046,16.5428528655877,182.690432343778,16.5428528655877,182.690432343778,FALSE,11043.4659504111,1.458879134992,1.00928183102592,1.02485376609322,0.0154287282190286,1.458879134992
"SSP3","Bolivia",2047,16.6964008305728,187.23097761672,16.6964008305728,187.23097761672,FALSE,11213.8525851561,1.47242020461024,1.00928183102592,1.02485376609322,0.0154287282190291,1.47242020461024
"SSP3","Bolivia",2048,16.8513740018232,191.884372539812,16.8513740018232,191.884372539812,FALSE,11386.8680689807,1.48608696014858,1.00928183102592,1.02485376609323,0.0154287282190295,1.48608696014858
"SSP3","Bolivia",2049,17.0077856078627,196.653421851862,17.0077856078627,196.653421851862,FALSE,11562.5529616829,1.4998805682025,1.00928183102592,1.02485376609322,0.0154287282190289,1.4998805682025
"SSP3","Bolivia",2050,17.165649,201.541,17.165649,201.541,FALSE,11740.9484488469,1.51380220619562,1.00928183102592,1.02485376609322,0.0154287282190289,1.51380220619562
"SSP3","EU27",2017,443.665315553954,18343.7248535435,443.665315553954,18343.7248535435,FALSE,41345.861870315,1,1,1,0,1
"SSP3","EU27",2018,443.984680089343,18688.4505044204,444.239534193316,18464.1137018917,TRUE,42092.5571140421,1.00071983209909,1.00071983209909,1.01879256550287,0.0180597334279593,1.00071983209909
"SSP3","EU27",2019,444.304274513577,19039.6544346719,444.814496021372,18585.2926555713,TRUE,42852.7374748228,1.00144018235644,1.00071983209909,1.01879256550287,0.0180597334279582,1.00144018235644
"SSP3","EU27",2020,444.624098992136,19397.4583877876,445.390202,18707.2669,TRUE,43626.6464902764,1.00216105114502,1.00071983209909,1.01879256550287,0.0180597334279577,1.00216105114502
"SSP3","EU27",2021,444.944153690621,19761.9863951293,445.55737166429,19197.4262048947,TRUE,44414.5320962466,1.00288243883809,1.00071983209909,1.01879256550287,0.0180597334279597,1.00288243883809
"SSP3","EU27",2022,445.26443877475,20133.3648189267,445.724604072881,19700.4284411197,TRUE,45216.6467062324,1.00360434580918,1.00071983209909,1.01879256550287,0.0180597334279604,1.00360434580918
"SSP3","EU27",2023,445.584954410365,20511.7223960797,445.891899249322,20216.6101133247,TRUE,46033.2472922531,1.00432677243209,1.00071983209909,1.01879256550287,0.018059733427958,1.00432677243209
"SSP3","EU27",2024,445.905700763422,20897.1902827847,446.059257217173,20746.3165431012,TRUE,46864.5954671745,1.00504971908086,1.00071983209909,1.01879256550287,0.0180597334279577,1.00504971908086
"SSP3","EU27",2025,446.226678,21289.9021,446.226678,21289.9021,FALSE,47710.9575685208,1.00577318612984,1.00071983209909,1.01879256550287,0.0180597334279595,1.00577318612984
"SSP3","EU27",2026,445.501803573164,21634.0598811869,445.501803573164,21634.0598811869,FALSE,48561.1050452997,1.00413935449725,0.998375546639019,1.01616530595445,0.0178187049706129,1.00413935449725
"SSP3","EU27",2027,444.778106671026,21983.7810782033,444.778106671026,21983.7810782033,FALSE,49426.4010491489,1.00250817694794,0.99837554663902,1.01616530595446,0.017818704970614,1.00250817694794
"SSP3","EU27",2028,444.055585380754,22339.1556253682,444.055585380754,22339.1556253682,FALSE,50307.1155072029,1.00087964917049,0.998375546639019,1.01616530595445,0.0178187049706131,1.00087964917049
"SSP3","EU27",2029,443.33423779262,22700.2749108164,443.33423779262,22700.2749108164,FALSE,51203.5231563483,0.999253766860454,0.99837554663902,1.01616530595446,0.0178187049706138,0.999253766860454
"SSP3","EU27",2030,442.614062,23067.2318,442.614062,23067.2318,FALSE,52115.9036289272,0.997630525720404,0.998375546639019,1.01616530595445,0.0178187049706129,0.997630525720404
"SSP3","EU27",2031,441.953981346623,23316.7935610284,441.953981346623,23316.7935610284,FALSE,52758.4195304287,0.996142736095578,0.998508676723027,1.01081888642695,0.012328595625555,0.996142736095578
"SSP3","EU27",2032,441.29488508689,23569.0553024059,441.29488508689,23569.0553024059,FALSE,53408.8567506627,0.994657165246051,0.998508676723027,1.01081888642695,0.0123285956255552,0.994657165246051
"SSP3","EU27",2033,440.63677175275,23824.0462349132,440.63677175275,23824.0462349132,FALSE,54067.312948365,0.99317380986291,0.998508676723026,1.01081888642695,0.0123285956255577,0.99317380986291
"SSP3","EU27",2034,439.979639878345,24081.7958853592,439.979639878345,24081.7958853592,FALSE,54733.8869862657,0.991692666642181,0.998508676723027,1.01081888642695,0.0123285956255548,0.991692666642181
"SSP3","EU27",2035,439.323488,24342.3341,439.323488,24342.3341,FALSE,55408.6789459342,0.990213732284814,0.998508676723027,1.01081888642695,0.0123285956255552,0.990213732284814
"SSP3","EU27",2036,438.793190524142,24524.1141306863,438.793190524142,24524.1141306863,FALSE,55889.915022136,0.989018467617357,0.998792922549459,1.00746764997718,0.00868521115024978,0.989018467617357
"SSP3","EU27",2037,438.26353315841,24707.2516310146,438.26353315841,24707.2516310146,FALSE,56375.3307352728,0.987824645726927,0.998792922549458,1.00746764997718,0.00868521115025067,0.987824645726927
"SSP3","EU27",2038,437.73451513014,24891.7567380929,437.73451513014,24891.7567380929,FALSE,56864.9623863738,0.986632264871982,0.998792922549459,1.00746764997717,0.00868521115024823,0.986632264871982
"SSP3","EU27",2039,437.206135667602,25077.63966473,437.206135667602,25077.63966473,FALSE,57358.8465917505,0.985441323313078,0.998792922549458,1.00746764997718,0.00868521115025067,0.985441323313078
"SSP3","EU27",2040,436.678394,25264.9107,436.678394,25264.9107,FALSE,57857.0202857346,0.984251819312875,0.998792922549459,1.00746764997718,0.00868521115024978,0.984251819312875
"SSP3","EU27",2041,436.146125011177,25385.1122913646,436.146125011177,25385.1122913646,FALSE,58203.2278533118,0.983052110951274,0.998781096119854,1.00475764956353,0.00598384717822276,0.983052110951274
"SSP3","EU27",2042,435.61450480709,25505.8857597778,435.61450480709,25505.8857597778,FALSE,58551.5070740654,0.981853864918849,0.998781096119853,1.00475764956353,0.00598384717822409,0.981853864918849
"SSP3","EU27",2043,435.083532596933,25627.2338260303,435.083532596933,25627.2338260303,FALSE,58901.8703444511,0.980657079433163,0.998781096119854,1.00475764956353,0.00598384717822098,0.980657079433163
"SSP3","EU27",2044,434.553207590863,25749.1592238573,434.553207590863,25749.1592238573,FALSE,59254.3301351038,0.979461752713949,0.998781096119853,1.00475764956353,0.00598384717822387,0.979461752713949
"SSP3","EU27",2045,434.023529,25871.6647,434.023529,25871.6647,FALSE,59608.8989912803,0.978267882983111,0.998781096119854,1.00475764956353,0.00598384717822298,0.978267882983111
"SSP3","EU27",2046,433.527151518733,25955.2587890141,433.527151518733,25955.2587890141,FALSE,59869.97284504,0.97714907233043,0.998856335087615,1.00323110592161,0.00437977983451554,0.97714907233043
"SSP3","EU27",2047,433.031341726976,26039.1229793842,433.031341726976,26039.1229793842,FALSE,60132.1901447996,0.976031541222238,0.998856335087616,1.00323110592161,0.00437977983451443,0.976031541222238
"SSP3","EU27",2048,432.53609897548,26123.2581438364,432.53609897548,26123.2581438364,FALSE,60395.5558986009,0.974915288195161,0.998856335087616,1.00323110592161,0.00437977983451354,0.974915288195161
"SSP3","EU27",2049,432.041422615742,26207.6651579167,432.041422615742,26207.6651579167,FALSE,60660.0751364199,0.973800311787506,0.998856335087616,1.00323110592161,0.00437977983451443,0.973800311787506
"SSP3","EU27",2050,431.547312,26292.3449,431.547312,26292.3449,FALSE,60925.7529102626,0.972686610539245,0.998856335087615,1.00323110592161,0.00437977983451532,0.972686610539245
"SSP3","China",2017,1403.37623488094,19455.4551271314,1403.37623488094,19455.4551271314,FALSE,13863.3209281771,1,1,1,0,1
"SSP3","China",2018,1406.22982882572,20492.8142203899,1410.21676634312,20570.5682465322,TRUE,14572.8769226169,1.0020333777029,1.0020333777029,1.05331970321331,0.0511822526590735,1.0020333777029
"SSP3","China",2019,1409.08922520481,21585.4849926267,1417.09064087433,21749.5954332696,TRUE,15318.7495912399,1.00407089003068,1.0020333777029,1.05331970321331,0.0511822526590735,1.00407089003068
"SSP3","China",2020,1411.95443581674,22736.416646149,1423.998021,22996.2,TRUE,16102.7977032398,1.0061125453906,1.0020333777029,1.05331970321331,0.0511822526590735,1.0061125453906
"SSP3","China",2021,1414.82547248404,23948.7156338559,1424.4717249326,24167.3745886294,TRUE,16926.975163805,1.008158352207,1.0020333777029,1.05331970321331,0.0511822526590744,1.008158352207
"SSP3","China",2022,1417.70234705328,25225.6540437932,1424.94558644648,25398.1959848641,TRUE,17793.3358833927,1.01020831892137,1.0020333777029,1.05331970321331,0.0511822526590735,1.01020831892137
"SSP3","China",2023,1420.58507139512,26570.6784307699,1425.41960559404,26691.7019438705,TRUE,18704.0388962243,1.01226245399235,1.0020333777029,1.05331970321331,0.0511822526590737,1.01226245399235
"SSP3","China",2024,1423.47365740437,27987.419118875,1425.89378242773,28051.0849307958,TRUE,19661.353740756,1.01432076589578,1.0020333777029,1.05331970321331,0.0511822526590735,1.01432076589578
"SSP3","China",2025,1426.368117,29479.7,1426.368117,29479.7,FALSE,20667.6661155348,1.01638326312474,1.0020333777029,1.05331970321331,0.0511822526590735,1.01638326312474
"SSP3","China",2026,1424.82385461618,30569.0077220964,1424.82385461618,30569.0077220964,FALSE,21454.5872621785,1.01528287226345,0.998917346535291,1.03695111287077,0.0380749883535358,1.01528287226345
"SSP3","China",2027,1423.28126413338,31698.5665767829,1423.28126413338,31698.5665767829,FALSE,22271.4704223159,1.01418367274413,0.998917346535291,1.03695111287077,0.0380749883535361,1.01418367274413
"SSP3","China",2028,1421.74034374151,32869.8638882032,1421.74034374151,32869.8638882032,FALSE,23119.4563992617,1.01308566327698,0.998917346535291,1.03695111287077,0.0380749883535376,1.01308566327698
"SSP3","China",2029,1420.20109163244,34084.4419387829,1420.20109163244,34084.4419387829,FALSE,23999.7294324037,1.01198884257359,0.998917346535291,1.03695111287077,0.0380749883535358,1.01198884257359
"SSP3","China",2030,1418.663506,35343.9,1418.663506,35343.9,FALSE,24913.5188510305,1.01089320934693,0.998917346535291,1.03695111287077,0.0380749883535358,1.01089320934693
"SSP3","China",2031,1416.10018541995,36223.4599131413,1416.10018541995,36223.4599131413,FALSE,25579.7296590276,1.00906667094879,0.998193144061854,1.02488576283719,0.026740935793965,1.00906667094879
"SSP3","China",2032,1413.54149639092,37124.9083456821,1413.54149639092,37124.9083456821,FALSE,26263.7555674667,1.0072434328424,0.998193144061854,1.02488576283719,0.0267409357939652,1.0072434328424
"SSP3","China",2033,1410.98743054435,38048.7900101251,1410.98743054435,38048.7900101251,FALSE,26966.0729688047,1.00542348906461,0.998193144061854,1.02488576283719,0.0267409357939652,1.00542348906461
"SSP3","China",2034,1408.43797952682,38995.663174559,1408.43797952682,38995.663174559,FALSE,27687.1709946789,1.00360683366304,0.998193144061854,1.02488576283719,0.026740935793965,1.00360683366304
"SSP3","China",2035,1405.893135,39966.1,1405.893135,39966.1,FALSE,28427.5518565641,1.00179346069607,0.998193144061854,1.02488576283719,0.0267409357939652,1.00179346069607
"SSP3","China",2036,1402.46720215609,40514.9376571849,1402.46720215609,40514.9376571849,FALSE,28888.331645046,0.999352253015083,0.997563162690947,1.013732579791,0.0162089155902991,0.999352253015083
"SSP3","China",2037,1399.04961775315,41071.3122712894,1399.04961775315,41071.3122712894,FALSE,29356.5801742251,0.996916994160048,0.997563162690946,1.01373257979099,0.0162089155902985,0.996916994160048
"SSP3","China",2038,1395.64036144739,41635.3273441758,1395.64036144739,41635.3273441758,FALSE,29832.418504289,0.99448766963465,0.997563162690947,1.013732579791,0.0162089155902996,0.99448766963465
"SSP3","China",2039,1392.2394129446,42207.0877990539,1392.2394129446,42207.0877990539,FALSE,30315.9696576795,0.99206426497789,0.997563162690946,1.01373257979099,0.0162089155902985,0.99206426497789
"SSP3","China",2040,1388.846752,42786.7,1388.846752,42786.7,FALSE,30807.3586508989,0.989646765764013,0.997563162690947,1.013732579791,0.0162089155902996,0.989646765764013
"SSP3","China",2041,1383.69649379625,43175.7599178626,1383.69649379625,43175.7599178626,FALSE,31203.2010715063,0.985976860234945,0.996291701588865,1.0090930106286,0.0128489568058401,0.985976860234945
"SSP3","China",2042,1378.56533428681,43568.3575616934,1378.56533428681,43568.3575616934,FALSE,31604.1296542781,0.982320563810719,0.996291701588864,1.0090930106286,0.0128489568058414,0.982320563810719
"SSP3","China",2043,1373.45320264803,43964.5251000724,1373.45320264803,43964.5251000724,FALSE,32010.209751092,0.978677826024714,0.996291701588865,1.0090930106286,0.0128489568058385,0.978677826024714
"SSP3","China",2044,1368.36002831888,44364.2949940885,1368.36002831888,44364.2949940885,FALSE,32421.5075535297,0.975048596597452,0.996291701588864,1.0090930106286,0.012848956805841,0.975048596597452
"SSP3","China",2045,1363.285741,44767.7,1363.285741,44767.7,FALSE,32838.0901036652,0.97143282543591,0.996291701588865,1.0090930106286,0.0128489568058405,0.97143282543591
"SSP3","China",2046,1356.01412179251,45048.9245079245,1356.01412179251,45048.9245079245,FALSE,33221.5747490702,0.966251307446109,0.994666107780045,1.00628186187641,0.0116780435218475,0.966251307446109
"SSP3","China",2047,1348.78128861813,45331.9156293639,1348.78128861813,45331.9156293639,FALSE,33609.5377448541,0.9610974271148,0.994666107780044,1.00628186187641,0.0116780435218466,0.9610974271148
"SSP3","China",2048,1341.58703459635,45616.6844619405,1341.58703459635,45616.6844619405,FALSE,34002.0313893877,0.955971037025694,0.994666107780045,1.00628186187641,0.0116780435218478,0.955971037025694
"SSP3","China",2049,1334.43115395012,45903.24217299,1334.43115395012,45903.24217299,FALSE,34399.1085917841,0.9508719905488,0.994666107780045,1.00628186187641,0.0116780435218462,0.9508719905488
"SSP3","China",2050,1327.313442,46191.6,1327.313442,46191.6,FALSE,34800.8228790318,0.945800141836239,0.994666107780045,1.00628186187641,0.0116780435218475,0.945800141836239
"SSP3","US",2017,328.111734230931,19360.4741044112,328.111734230931,19360.4741044112,FALSE,59005.7351950266,1,1,1,0,1
"SSP3","US",2018,329.81276334198,19790.0561525825,330.519525112108,19647.3120590229,TRUE,60003.9123775884,1.00518429831544,1.00518429831544,1.02218861200684,0.016916612923517,1.00518429831544
"SSP3","US",2019,331.522611095385,20229.1700301457,332.944985147793,19938.3997035835,TRUE,61018.9753371766,1.0103954735799,1.00518429831544,1.02218861200684,0.0169166129235163,1.0103954735799
"SSP3","US",2020,333.241323209617,20678.027235165,335.388244,20233.8,TRUE,62051.2097239453,1.01563366513151,1.00518429831544,1.02218861200684,0.0169166129235179,1.01563366513151
"SSP3","US",2021,334.968945640167,21136.8439585529,336.694277084409,20772.7895462086,TRUE,63100.9060202813,1.02089901303076,1.00518429831544,1.02218861200684,0.016916612923517,1.02089901303076
"SSP3","US",2022,336.705524580774,21605.8411881983,338.005395983387,21326.1367380854,TRUE,64168.3596225496,1.02619165806425,1.00518429831544,1.02218861200684,0.0169166129235172,1.02619165806425
"SSP3","US",2023,338.451106464658,22085.2448154047,339.32162050157,21894.2240357181,TRUE,65253.8709242214,1.03151174174847,1.00518429831544,1.02218861200684,0.0169166129235181,1.03151174174847
"SSP3","US",2024,340.205737965761,22575.2857436898,340.642970520715,22477.4440871964,TRUE,66357.7454004075,1.03685940633357,1.00518429831544,1.02218861200684,0.0169166129235161,1.03685940633357
"SSP3","US",2025,341.969466,23076.2,341.969466,23076.2,FALSE,67480.2936938235,1.04223479480717,1.00518429831544,1.02218861200684,0.0169166129235172,1.04223479480717
"SSP3","US",2026,343.286751910864,23494.1999838905,343.286751910864,23494.1999838905,FALSE,68438.9940861771,1.04624954275257,1.00385205710402,1.01811390020413,0.0142071164761586,1.04624954275257
"SSP3","US",2027,344.609112082278,23919.7715777746,344.609112082278,23919.7715777746,FALSE,69411.3148466707,1.05027975573631,1.00385205710402,1.01811390020413,0.014207116476161,1.05027975573631
"SSP3","US",2028,345.936566060585,24353.05193304,345.936566060585,24353.05193304,FALSE,70397.4494814606,1.0543254933306,1.00385205710402,1.01811390020413,0.0142071164761581,1.0543254933306
"SSP3","US",2029,347.26913346742,24794.1806854211,347.26913346742,24794.1806854211,FALSE,71397.5942458684,1.05838681533714,1.00385205710402,1.01811390020413,0.014207116476161,1.05838681533714
"SSP3","US",2030,348.606834,25243.3,348.606834,25243.3,FALSE,72411.9481834369,1.06246378178796,1.00385205710402,1.01811390020413,0.0142071164761584,1.06246378178796
"SSP3","US",2031,349.942140798864,25540.8234866096,349.942140798864,25540.8234866096,FALSE,72985.8468268607,1.06653345275536,1.0038304091275,1.01178623581741,0.00792546890148471,1.06653345275536
"SSP3","US",2032,351.282562369078,25841.8536551935,351.282562369078,25841.8536551935,FALSE,73564.2938861354,1.07061871222758,1.0038304091275,1.01178623581741,0.00792546890148316,1.07061871222758
"SSP3","US",2033,352.62811830231,26146.4318363326,352.62811830231,26146.4318363326,FALSE,74147.3254095896,1.07471961991498,1.0038304091275,1.01178623581741,0.0079254689014836,1.07471961991498
"SSP3","US",2034,353.978828265269,26454.5998477394,353.978828265269,26454.5998477394,FALSE,74734.9777312514,1.07883623575661,1.0038304091275,1.01178623581741,0.00792546890148316,1.07883623575661
"SSP3","US",2035,355.334712,26766.4,355.334712,26766.4,FALSE,75327.2874731136,1.08296861992113,1.0038304091275,1.01178623581741,0.00792546890148449,1.08296861992113
"SSP3","US",2036,356.690939026525,26986.2390342108,356.690939026525,26986.2390342108,FALSE,75657.2037065512,1.08710205035057,1.00381675918711,1.00821324624196,0.00437977052546001,1.08710205035057
"SSP3","US",2037,358.052342445013,27207.8836605432,358.052342445013,27207.8836605432,FALSE,75988.5648973839,1.09125125708857,1.00381675918711,1.00821324624196,0.0043797705254609,1.09125125708857
"SSP3","US",2038,359.418942012506,27431.3487087698,359.418942012506,27431.3487087698,FALSE,76321.3773741935,1.0954163003495,1.00381675918711,1.00821324624196,0.00437977052546001,1.0954163003495
"SSP3","US",2039,360.790757561453,27656.649130464,360.790757561453,27656.649130464,FALSE,76655.6474932796,1.09959724057757,1.00381675918711,1.00821324624196,0.00437977052546068,1.09959724057757
"SSP3","US",2040,362.167809,27883.8,362.167809,27883.8,FALSE,76991.3816387807,1.10379413844767,1.00381675918711,1.00821324624196,0.00437977052546024,1.10379413844767
"SSP3","US",2041,363.371743797071,28071.5544432751,363.371743797071,28071.5544432751,FALSE,77252.992073462,1.10746342141279,1.00332424574231,1.00673345968896,0.00339791843077553,1.10746342141279
"SSP3","US",2042,364.579680769264,28260.5731235254,364.579680769264,28260.5731235254,FALSE,77515.4914390608,1.11114490197619,1.00332424574231,1.00673345968896,0.00339791843077397,1.11114490197619
"SSP3","US",2043,365.791633220795,28450.8645534397,365.791633220795,28450.8645534397,FALSE,77778.8827560923,1.11483862068567,1.00332424574231,1.00673345968896,0.00339791843077664,1.11483862068567
"SSP3","US",2044,367.007614500102,28642.4373030264,367.007614500102,28642.4373030264,FALSE,78043.1690553343,1.11854461822385,1.00332424574231,1.00673345968896,0.00339791843077397,1.11854461822385
"SSP3","US",2045,368.227638,28835.3,368.227638,28835.3,FALSE,78308.3533778635,1.12226293540857,1.00332424574231,1.00673345968896,0.00339791843077575,1.12226293540857
"SSP3","US",2046,369.377776141176,29023.9162687528,369.377776141176,29023.9162687528,FALSE,78575.1556900918,1.12576826003181,1.00312344327933,1.00654115853668,0.00340707345665781,1.12576826003181
"SSP3","US",2047,370.531506673599,29213.7663064221,370.531506673599,29213.7663064221,FALSE,78842.8670173965,1.1292845333377,1.00312344327933,1.00654115853668,0.0034070734566598,1.1292845333377
"SSP3","US",2048,371.6888408179,29404.858183286,371.6888408179,29404.858183286,FALSE,79111.4904568582,1.13281178952381,1.00312344327933,1.00654115853668,0.00340707345665714,1.13281178952381
"SSP3","US",2049,372.849789829756,29597.2000224115,372.849789829756,29597.2000224115,FALSE,79381.0291161105,1.13635006289454,1.00312344327933,1.00654115853668,0.00340707345665958,1.13635006289454
"SSP3","US",2050,374.014365,29790.8,374.014365,29790.8,FALSE,79651.4861133742,1.13989938786146,1.00312344327933,1.00654115853668,0.00340707345665803,1.13989938786146
"SSP3","RestLatAm",2017,358.79352016271,5354.28544813518,358.79352016271,5354.28544813518,FALSE,14923.0271653375,1,1,1,0,1
"SSP3","RestLatAm",2018,361.934415416108,5467.07930553409,362.422096946352,5292.60423145421,TRUE,15105.1656672348,1.00875404676198,1.00875404676198,1.02106608967555,0.0122051980392013,1.00875404676198
"SSP3","RestLatAm",2019,365.102806213429,5582.24928844784,366.087370517241,5231.63358064205,TRUE,15289.5272056184,1.01758472685866,1.00875404676198,1.02106608967555,0.0122051980392028,1.01758472685866
"SSP3","RestLatAm",2020,368.29893325195,5699.84545254956,369.789712,5171.36531,TRUE,15476.1389130887,1.02649271114186,1.00875404676198,1.02106608967555,0.0122051980392013,1.02649271114186
"SSP3","RestLatAm",2021,371.523039336023,5819.91890798975,372.725616429787,5384.06932872614,TRUE,15665.0282534051,1.03547867633602,1.00875404676198,1.02106608967555,0.0122051980392002,1.03547867633602
"SSP3","RestLatAm",2022,374.775369395522,5942.5218416099,375.684830147369,5605.52210080272,TRUE,15856.2230255276,1.04454330508969,1.00875404676198,1.02106608967555,0.0122051980392013,1.04454330508969
"SSP3","RestLatAm",2023,378.056170504447,6067.70753962418,378.667538214254,5836.0834722056,TRUE,16049.7513677079,1.05368728602736,1.00875404676198,1.02106608967555,0.0122051980392013,1.05368728602736
"SSP3","RestLatAm",2024,381.365691899697,6195.53041077893,381.673927161224,6076.12808977668,TRUE,16245.6417616308,1.06291131380174,1.00875404676198,1.02106608967555,0.0122051980392031,1.06291131380174
"SSP3","RestLatAm",2025,384.704185,6326.04601,384.704185,6326.04601,FALSE,16443.9230366054,1.07221608914659,1.00875404676198,1.02106608967555,0.0122051980392013,1.07221608914659
"SSP3","RestLatAm",2026,388.31941608912,6513.25952096952,388.31941608912,6513.25952096952,FALSE,16772.9432294849,1.08229216601521,1.00939743114341,1.02959407988396,0.0200086191200881,1.08229216601521
"SSP3","RestLatAm",2027,391.968621063467,6706.01344353803,391.968621063467,6706.01344353803,FALSE,17108.5466620865,1.09246293212239,1.00939743114341,1.02959407988396,0.0200086191200883,1.09246293212239
"SSP3","RestLatAm",2028,395.652119190289,6904.47174108896,395.652119190289,6904.47174108896,FALSE,17450.8650559464,1.10272927730374,1.00939743114341,1.02959407988395,0.020008619120087,1.10272927730374
"SSP3","RestLatAm",2029,399.370232737124,7108.80322935126,399.370232737124,7108.80322935126,FALSE,17800.0327681669,1.11309209975702,1.00939743114341,1.02959407988396,0.0200086191200883,1.11309209975702
"SSP3","RestLatAm",2030,403.123287,7319.18172,403.123287,7319.18172,FALSE,18156.1868441503,1.12355230612077,1.00939743114341,1.02959407988396,0.0200086191200881,1.12355230612077
"SSP3","RestLatAm",2031,406.597615067378,7520.94114989563,406.597615067378,7520.94114989563,FALSE,18497.2583979602,1.13323566959345,1.00861852485187,1.02756584514691,0.0187854177056896,1.13323566959345
"SSP3","RestLatAm",2032,410.101886717549,7728.26224899271,410.101886717549,7728.26224899271,FALSE,18844.7371233759,1.14300248937487,1.00861852485187,1.02756584514691,0.0187854177056905,1.14300248937487
"SSP3","RestLatAm",2033,413.636360020024,7941.29832940316,413.636360020024,7941.29832940316,FALSE,19198.7433817925,1.1528534847353,1.00861852485187,1.02756584514691,0.0187854177056896,1.1528534847353
"SSP3","RestLatAm",2034,417.201295268495,8160.20692941694,417.201295268495,8160.20692941694,FALSE,19559.3997956438,1.16278938114406,1.00861852485187,1.02756584514691,0.0187854177056905,1.16278938114406
"SSP3","RestLatAm",2035,420.796955,8385.14993,420.796955,8385.14993,FALSE,19926.8312908776,1.17281091032294,1.00861852485187,1.02756584514691,0.0187854177056894,1.17281091032294
"SSP3","RestLatAm",2036,423.977135989541,8584.11811568912,423.977135989541,8584.11811568912,FALSE,20246.6533853394,1.18167445108059,1.0075575190166,1.0237286378121,0.0160498219608158,1.18167445108059
"SSP3","RestLatAm",2037,427.181351257387,8787.80754539259,427.181351257387,8787.80754539259,FALSE,20571.6085674764,1.19060497821606,1.0075575190166,1.0237286378121,0.0160498219608149,1.19060497821606
"SSP3","RestLatAm",2038,430.409782443052,8996.33024779965,430.409782443052,8996.33024779965,FALSE,20901.779222432,1.19960299798019,1.0075575190166,1.0237286378121,0.0160498219608163,1.19960299798019
"SSP3","RestLatAm",2039,433.662612558797,9209.80090988773,433.662612558797,9209.80090988773,FALSE,21237.2490576163,1.2086690204498,1.0075575190166,1.0237286378121,0.0160498219608145,1.2086690204498
"SSP3","RestLatAm",2040,436.940026,9428.33694,436.940026,9428.33694,FALSE,21578.1031239285,1.21780355955663,1.0075575190166,1.0237286378121,0.0160498219608161,1.21780355955663
"SSP3","RestLatAm",2041,439.60400141276,9612.48568539316,439.60400141276,9612.48568539316,FALSE,21866.2379198129,1.22522837428447,1.00609689031501,1.01953141328795,0.0133531105227149,1.22522837428447
"SSP3","RestLatAm",2042,442.284218791414,9800.23111603907,442.284218791414,9800.23111603907,FALSE,22158.2202114721,1.23269845729333,1.00609689031501,1.01953141328795,0.0133531105227167,1.23269845729333
"SSP3","RestLatAm",2043,444.980777161446,9991.64348028383,444.980777161446,9991.64348028383,FALSE,22454.1013749426,1.24021408457893,1.00609689031501,1.01953141328795,0.0133531105227147,1.24021408457893
"SSP3","RestLatAm",2044,447.693776152087,10186.7943985231,447.693776152087,10186.7943985231,FALSE,22753.9334722905,1.24777553381974,1.00609689031501,1.01953141328795,0.0133531105227167,1.24777553381974
"SSP3","RestLatAm",2045,450.423316,10385.75689,450.423316,10385.75689,FALSE,23057.7692607725,1.25538308438719,1.00609689031501,1.01953141328795,0.0133531105227149,1.25538308438719
"SSP3","RestLatAm",2046,452.715373917601,10555.6768058947,452.715373917601,10555.6768058947,FALSE,23316.3647935136,1.26177132104364,1.00508867511113,1.01636086013705,0.0112151149496107,1.26177132104364
"SSP3","RestLatAm",2047,455.01909537328,10728.3767577678,455.01909537328,10728.3767577678,FALSE,23577.8605048799,1.26819206536097,1.00508867511113,1.01636086013705,0.0112151149496096,1.26819206536097
"SSP3","RestLatAm",2048,457.334539718994,10903.9022293993,457.334539718994,10903.9022293993,FALSE,23842.288920708,1.2746454827601,1.00508867511113,1.01636086013705,0.01121511494961,1.2746454827601
"SSP3","RestLatAm",2049,459.661766608721,11082.2994487225,459.661766608721,11082.2994487225,FALSE,24109.6829316156,1.28113173950374,1.00508867511113,1.01636086013705,0.0112151149496091,1.28113173950374
"SSP3","RestLatAm",2050,462.000836,11263.6154,462.000836,11263.6154,FALSE,24380.0757970923,1.28765100270062,1.00508867511113,1.01636086013705,0.0112151149496111,1.28765100270062
"SSP3","ROW",2017,4741.07249258571,52160.2724051341,4741.07249258571,52160.2724051341,FALSE,11001.7875674132,1,1,1,0,1
"SSP3","ROW",2018,4803.54992553802,53801.5362069316,4809.67673309427,53188.5431661609,TRUE,11200.3699432573,1.01317791133757,1.01317791133757,1.03146578279058,0.0180500100213055,1.01317791133757
"SSP3","ROW",2019,4866.85068056235,55494.4436590185,4879.27369029785,54237.0849248115,TRUE,11402.5367329754,1.02652948002237,1.01317791133757,1.03146578279058,0.0180500100213072,1.02652948002237
"SSP3","ROW",2020,4930.98560732401,57240.6197692774,4949.877729,55306.297296985,TRUE,11608.3526352739,1.0400569944955,1.01317791133757,1.03146578279058,0.0180500100213055,1.0400569944955
"SSP3","ROW",2021,4995.96569846417,59041.7406777357,5011.27270491162,57440.122586667,TRUE,11817.8835166715,1.05376277335499,1.01317791133757,1.03146578279058,0.018050010021307,1.05376277335499
"SSP3","ROW",2022,5061.80209148408,60899.5352654791,5073.42918308117,59656.2750359929,TRUE,12031.196432578,1.06764916575309,1.01317791133757,1.03146578279058,0.0180500100213037,1.06764916575309
"SSP3","ROW",2023,5128.506070654,62815.78681419,5136.35660867386,61957.9309880532,TRUE,12248.3596487543,1.08171855179902,1.01317791133757,1.03146578279058,0.0180500100213055,1.08171855179902
"SSP3","ROW",2024,5196.08906894728,64792.3347179048,5200.06454400636,64348.3893354771,TRUE,12469.4426631589,1.09597334296684,1.01317791133757,1.03146578279058,0.0180500100213072,1.09597334296684
"SSP3","ROW",2025,5264.56267,66831.076248633,5264.56267,66831.076248633,FALSE,12694.516228189,1.1104159825088,1.01317791133757,1.03146578279058,0.0180500100213052,1.1104159825088
"SSP3","ROW",2026,5335.99348647932,69312.8075595673,5335.99348647932,69312.8075595673,FALSE,12989.67244529,1.12548236603089,1.01356823367046,1.0371343909187,0.0232506865008026,1.12548236603089
"SSP3","ROW",2027,5408.3934929679,71886.6964511568,5408.3934929679,71886.6964511568,FALSE,13291.6912470635,1.14075317376517,1.01356823367046,1.0371343909187,0.0232506865008029,1.14075317376517
"SSP3","ROW",2028,5481.77583966227,74556.1651390281,5481.77583966227,74556.1651390281,FALSE,13600.7321933145,1.15623117938713,1.01356823367046,1.0371343909187,0.0232506865008024,1.15623117938713
"SSP3","ROW",2029,5556.15385518386,77324.7629206999,5556.15385518386,77324.7629206999,FALSE,13916.9585537226,1.17191919420612,1.01356823367046,1.0371343909187,0.0232506865008029,1.17191919420612
"SSP3","ROW",2030,5631.541049,80196.170894693,5631.541049,80196.170894693,FALSE,14240.5373940999,1.187820067676,1.01356823367046,1.0371343909187,0.0232506865008026,1.187820067676
"SSP3","ROW",2031,5705.55026913049,82675.1569433661,5705.55026913049,82675.1569433661,FALSE,14490.3038346143,1.20343029516066,1.01314191257536,1.03091152633619,0.0175391162287095,1.20343029516066
"SSP3","ROW",2032,5780.5321119617,85230.7722345698,5780.5321119617,85230.7722345698,FALSE,14744.4509577589,1.21924567089019,1.01314191257536,1.03091152633619,0.0175391162287095,1.21924567089019
"SSP3","ROW",2033,5856.49935961616,87865.3854951527,5856.49935961616,87865.3854951527,FALSE,15003.0555968355,1.23526889090491,1.01314191257536,1.03091152633619,0.0175391162287071,1.23526889090491
"SSP3","ROW",2034,5933.46496219786,90581.4386729258,5933.46496219786,90581.4386729258,FALSE,15266.1959327342,1.25150268667624,1.01314191257536,1.03091152633619,0.0175391162287097,1.25150268667624
"SSP3","ROW",2035,6011.44204,93381.4492000341,6011.44204,93381.4492000341,FALSE,15533.9515175687,1.26794982557237,1.01314191257536,1.03091152633619,0.0175391162287093,1.26794982557237
"SSP3","ROW",2036,6087.28551951883,95658.8810494283,6087.28551951883,95658.8810494283,FALSE,15714.538235918,1.28394694007282,1.0126165201318,1.02438848260446,0.0116252917453132,1.28394694007282
"SSP3","ROW",2037,6164.08587982386,97991.8560058643,6164.08587982386,97991.8560058643,FALSE,15897.2243275534,1.30014588249041,1.0126165201318,1.02438848260446,0.0116252917453152,1.30014588249041
"SSP3","ROW",2038,6241.85519342081,100381.728681442,6241.85519342081,100381.728681442,FALSE,16082.0341983019,1.31654919919113,1.0126165201318,1.02438848260446,0.0116252917453132,1.31654919919113
"SSP3","ROW",2039,6320.60568512839,102829.886725195,6320.60568512839,102829.886725195,FALSE,16268.9925377153,1.33315946866723,1.0126165201318,1.02438848260446,0.011625291745315,1.33315946866723
"SSP3","ROW",2040,6400.349734,105337.751628811,6400.349734,105337.751628811,FALSE,16458.1243223686,1.34997930194257,1.0126165201318,1.02438848260446,0.0116252917453135,1.34997930194257
"SSP3","ROW",2041,6473.64374398874,107409.545604551,6473.64374398874,107409.545604551,FALSE,16591.8221410143,1.36543867534455,1.01145156327933,1.01966810515418,0.00812351492958396,1.36543867534455
"SSP3","ROW",2042,6547.77708497086,109522.087842064,6547.77708497086,109522.087842064,FALSE,16726.6060558858,1.38107508273931,1.01145156327933,1.01966810515418,0.00812351492958596,1.38107508273931
"SSP3","ROW",2043,6622.75936859834,111676.179782447,6622.75936859834,111676.179782447,FALSE,16862.4848899021,1.3968905514428,1.01145156327933,1.01966810515418,0.00812351492958596,1.3968905514428
"SSP3","ROW",2044,6698.60031659162,113872.638629626,6698.60031659162,113872.638629626,FALSE,16999.4675376552,1.41288713198694,1.01145156327933,1.01966810515418,0.00812351492958574,1.41288713198694
"SSP3","ROW",2045,6775.309762,116112.297660377,6775.309762,116112.297660377,FALSE,17137.5629659923,1.42906689838544,1.01145156327933,1.01966810515418,0.00812351492958374,1.42906689838544
"SSP3","ROW",2046,6846.81571117647,118113.101838828,6846.81571117647,118113.101838828,FALSE,17250.8077946402,1.44414912910187,1.01055390110391,1.0172316302301,0.0066079890631241,1.44414912910187
"SSP3","ROW",2047,6919.0763270689,120148.383135044,6919.0763270689,120148.383135044,FALSE,17364.8009438772,1.4593905361897,1.01055390110391,1.0172316302301,0.00660798906312365,1.4593905361897
"SSP3","ROW",2048,6992.09957435517,122218.735645972,6992.09957435517,122218.735645972,FALSE,17479.5473585977,1.47479279958062,1.01055390110391,1.0172316302301,0.00660798906312388,1.47479279958062
"SSP3","ROW",2049,7065.89350177157,124324.763705813,7065.89350177157,124324.763705813,FALSE,17595.0520163716,1.49035761693615,1.01055390110391,1.0172316302301,0.00660798906312343,1.49035761693615
"SSP3","ROW",2050,7140.46624299999,126467.082062436,7140.46624299999,126467.082062436,FALSE,17711.3199276609,1.50608670383474,1.01055390110391,1.0172316302301,0.00660798906312388,1.50608670383474
